FREPid,code,name,effect,py,wb,isClassical,SPETid,illustration,createDay,optrid,state
65dd5753-aad0-4261-94d3-09a67bd4f9a1,378,华盖散,,HGS,WUA,1, ,,2008-03-25 02:05:10.000,c6543358-354b-4986-a06f-bd61b0cde15d,3
77b60843-ad13-477c-b52f-d7345d93080a,380,桂枝汤,,GZT,SSI,1, ,,2008-03-25 02:05:10.000,c6543358-354b-4986-a06f-bd61b0cde15d,3
e0e05168-1df2-4f39-91c1-bf010b31880d,382,桂枝加桂汤,,GZJGT,SSLSI,1, ,,2008-03-25 02:05:10.000,c6543358-354b-4986-a06f-bd61b0cde15d,3
76913adf-36ec-46fb-aea6-6b9dbea5a928,383,大承气汤,,DCQT,DBRI,1, ,,2008-03-25 02:05:10.000,c6543358-354b-4986-a06f-bd61b0cde15d,3
83e27842-88db-4284-b45c-fd865a77a587,384,桂枝加芍药汤,,GZJSYT,SSLAAI,1, ,,2008-03-25 02:05:10.000,c6543358-354b-4986-a06f-bd61b0cde15d,3
6e798d64-e361-4c43-a7ee-f7d8494066b1,385,小承气汤,,XCQT,IBRI,1, ,,2008-03-25 02:05:10.000,c6543358-354b-4986-a06f-bd61b0cde15d,3
45e053e0-d0a5-43ac-b325-25b28aba97bb,386,九味羌活汤,,JWQHT,VKUII,1, ,,2008-03-25 02:05:10.000,c6543358-354b-4986-a06f-bd61b0cde15d,3
9fe00da5-6e58-43a3-901c-5d68f0745ba5,387,调胃承气汤,,DWCQT,YLBRI,1, ,,2008-03-25 02:05:11.000,c6543358-354b-4986-a06f-bd61b0cde15d,3
ba79e40d-2ff9-4e83-9ac1-f1eefe0b51e3,388,复方承气汤,,FFCQT,TYBRI,1, ,,2008-03-25 02:05:11.000,c6543358-354b-4986-a06f-bd61b0cde15d,3
caeb2749-5cb7-492c-a78a-95729c102a9e,389,羌活胜湿汤,,QHSST,UIEII,1, ,,2008-03-25 02:05:11.000,c6543358-354b-4986-a06f-bd61b0cde15d,3
b01642b0-d55b-44ee-88a7-8d80e75d374c,390,大黄牡丹汤,,DHMDT,DATMI,1, ,,2008-03-25 02:05:11.000,c6543358-354b-4986-a06f-bd61b0cde15d,3
92bd6954-5343-49b3-ad11-c0f89b36217f,391,小柴胡汤,,XCHT,IHDI,1, ,,2008-03-25 02:05:11.000,c6543358-354b-4986-a06f-bd61b0cde15d,3
b0787806-55cd-40b6-bbc9-0b08e3e46bf3,392,阑尾化瘀汤,,LWHYT,UNWUI,1, ,,2008-03-25 02:05:11.000,c6543358-354b-4986-a06f-bd61b0cde15d,3
db835d0e-82a8-409c-9990-740a517a4159,393,香薷散,,XRS,TAA,1, ,,2008-03-25 02:05:11.000,c6543358-354b-4986-a06f-bd61b0cde15d,3
2ede0971-1426-44da-9623-7b2ccf08e00c,394,阑尾清化汤,,LWQHT,UNIWI,1, ,,2008-03-25 02:05:11.000,c6543358-354b-4986-a06f-bd61b0cde15d,3
65419857-3321-4a6a-ac0b-137f463ceddc,395,新加香薷散,,XJXRS,ULTAA,1, ,,2008-03-25 02:05:11.000,c6543358-354b-4986-a06f-bd61b0cde15d,3
aade6860-ba5b-4a6a-9975-9fccee817d6a,397,阑尾清解汤,,LWQJT,UNIQI,1, ,,2008-03-25 02:05:11.000,c6543358-354b-4986-a06f-bd61b0cde15d,3
6be167c1-3d47-4820-b406-063aa45c9b88,398,射干麻黄汤,,SGMHT,TFYAI,1, ,,2008-03-25 02:05:11.000,c6543358-354b-4986-a06f-bd61b0cde15d,3
efb98003-7b72-442b-8217-afd192f315b5,399,大黄附子汤,,DHFZT,DABBI,1, ,,2008-03-25 02:05:11.000,c6543358-354b-4986-a06f-bd61b0cde15d,3
e899b10c-218e-4127-b1e8-69cd408f79f0,400,温脾汤,,WPT,IEI,1, ,,2008-03-25 02:05:11.000,c6543358-354b-4986-a06f-bd61b0cde15d,3
1bb9c438-d313-4021-90ee-5aa56975552d,401,止嗽散,,ZSS,HKA,1, ,,2008-03-25 02:05:11.000,c6543358-354b-4986-a06f-bd61b0cde15d,3
8b965fd8-11ee-4385-9022-ae9defa309e2,402,蒿芩清胆汤,,HQQDT,AAIEI,1, ,,2008-03-25 02:05:11.000,c6543358-354b-4986-a06f-bd61b0cde15d,3
4d03345d-89ab-4377-a8fb-3ad819b9c444,403,金沸草散,,JFCS,QIAA,1, ,,2008-03-25 02:05:11.000,c6543358-354b-4986-a06f-bd61b0cde15d,3
4e2eb412-f63a-41a1-800e-96a3b2be713b,404,三物备急丸,,SWBJW,DTTQV,1, ,,2008-03-25 02:05:11.000,c6543358-354b-4986-a06f-bd61b0cde15d,3
5cb6b07d-8e36-4779-8daa-f80339953978,405,银翘散,,YQS,QAA,1, ,,2008-03-25 02:05:11.000,c6543358-354b-4986-a06f-bd61b0cde15d,3
c1d45818-1c6e-4f28-bd80-dee68ccb19cd,406,四逆散,,SNS,LUA,1, ,,2008-03-25 02:05:11.000,c6543358-354b-4986-a06f-bd61b0cde15d,3
dc27d7fc-fb2b-4913-acb2-8b56be3b056f,407,五仁丸,,WRW,GWV,1, ,,2008-03-25 02:05:11.000,c6543358-354b-4986-a06f-bd61b0cde15d,3
021e001f-bb22-4d05-825e-1dd1e13030f6,408,济川煎,,JCJ,IKU,1, ,,2008-03-25 02:05:11.000,c6543358-354b-4986-a06f-bd61b0cde15d,3
25746886-f721-4cc1-b07d-72423164287a,409,桑菊饮,,SJY,CAQ,1, ,,2008-03-25 02:05:11.000,c6543358-354b-4986-a06f-bd61b0cde15d,3
35b4e5f1-ca85-43ab-8363-f38c42d37231,410,逍遥散,,XYS,IEA,1, ,,2008-03-25 02:05:11.000,c6543358-354b-4986-a06f-bd61b0cde15d,3
c812e9fc-5079-480e-86f5-15663541b5a4,411,麻子仁丸,,MZRW,YBWV,1, ,,2008-03-25 02:05:11.000,c6543358-354b-4986-a06f-bd61b0cde15d,3
b5c604ce-5f82-41ed-891d-0e3d68839172,412,加味逍遥散,,JWXYS,LKIEA,1, ,,2008-03-25 02:05:11.000,c6543358-354b-4986-a06f-bd61b0cde15d,3
e5dca468-becb-4735-b343-3aacca84ed5f,413,麻黄杏仁甘草石膏汤,,MHXRGCSGT,YASWAADYI,1, ,,2008-03-25 02:05:11.000,c6543358-354b-4986-a06f-bd61b0cde15d,3
963fa15a-d781-4310-a225-24895e7f73ef,414,越媲汤,,YPT,FVI,1, ,,2008-03-25 02:05:11.000,c6543358-354b-4986-a06f-bd61b0cde15d,3
20f40e01-5ec8-4417-96ee-1b84fa5dbd0b,415,黄龙汤,,HLT,ADI,1, ,,2008-03-25 02:05:11.000,c6543358-354b-4986-a06f-bd61b0cde15d,3
964170de-834a-44cb-8b9b-3b66047fe209,416,柴葛解肌汤《商行六书》,,CGJJTSXLS,HAQEIUTUN,1, ,,2008-03-25 02:05:11.000,c6543358-354b-4986-a06f-bd61b0cde15d,3
33ac8a9d-19bb-42fb-a9cc-270dc20f6f16,417,柴葛解肌汤《医学信语》,,CGJJTYXXY,HAQEIAIWY,1, ,,2008-03-25 02:05:11.000,c6543358-354b-4986-a06f-bd61b0cde15d,3
5c406f1f-f20f-410a-bb66-7bb64891d577,418,痛泻要方,,TXYF,UISY,1, ,,2008-03-25 02:05:11.000,c6543358-354b-4986-a06f-bd61b0cde15d,3
7e5a05aa-43c8-451d-af6b-c584a6fa8eea,419,升麻葛根汤,,SMGGT,TYASI,1, ,,2008-03-25 02:05:11.000,c6543358-354b-4986-a06f-bd61b0cde15d,3
f2784f12-b2cf-43ad-8e9f-af936d6bcef5,420,半夏泻心汤,,BXXXT,UDINI,1, ,,2008-03-25 02:05:11.000,c6543358-354b-4986-a06f-bd61b0cde15d,3
d8762e54-100c-405f-9c7c-9c66254b8442,421,新加黄龙汤,,XJHLT,ULADI,1, ,,2008-03-25 02:05:11.000,c6543358-354b-4986-a06f-bd61b0cde15d,3
9d55530d-af9b-467c-bff0-ad033b2fbf10,422,竹叶柳蒡汤,,ZYLBT,TKSAI,1, ,,2008-03-25 02:05:11.000,c6543358-354b-4986-a06f-bd61b0cde15d,3
cdc4dbb6-8434-42a7-8ce8-c051e98255d8,423,生姜泻心汤,,SJXXT,TUINI,1, ,,2008-03-25 02:05:11.000,c6543358-354b-4986-a06f-bd61b0cde15d,3
4aed2019-57f1-47ce-ac5d-32517f8c003b,424,增液承气汤,,ZYCQT,FIBRI,1, ,,2008-03-25 02:05:11.000,c6543358-354b-4986-a06f-bd61b0cde15d,3
ae7f7e55-559b-45db-8358-4b4f36d5de48,425,败毒散,,BDS,MGA,1, ,,2008-03-25 02:05:11.000,c6543358-354b-4986-a06f-bd61b0cde15d,3
2a6cb36b-804e-4261-988d-6d623069bed7,426,十枣汤,,SZT,FGI,1, ,,2008-03-25 02:05:11.000,c6543358-354b-4986-a06f-bd61b0cde15d,3
f8d7b846-9395-40ef-8d1c-995d0c83010c,427,干草泻心汤,,GCXXT,FAINI,1, ,,2008-03-25 02:05:11.000,c6543358-354b-4986-a06f-bd61b0cde15d,3
7e12b575-bf9b-476d-9365-4ff89056dca5,428,参苏散,,SSS,CAA,1, ,,2008-03-25 02:05:11.000,c6543358-354b-4986-a06f-bd61b0cde15d,3
cc773594-ab23-44d7-a402-12f47aa0d318,429,黄连汤,,HLT,ALI,1, ,,2008-03-25 02:05:11.000,c6543358-354b-4986-a06f-bd61b0cde15d,3
17321340-13bb-4443-a7aa-ff92e265a620,430,控涎丹,,KXD,RIM,1, ,,2008-03-25 02:05:11.000,c6543358-354b-4986-a06f-bd61b0cde15d,3
dc2e5349-f9bf-4f7c-84d4-50950f273789,432,大柴胡汤,,DCHT,DHDI,1, ,,2008-03-25 02:05:11.000,c6543358-354b-4986-a06f-bd61b0cde15d,3
69a72c32-987b-438a-acee-6f214cba488d,433,再造散,,ZZS,GTA,1, ,,2008-03-25 02:05:11.000,c6543358-354b-4986-a06f-bd61b0cde15d,3
329c5353-7c9f-401a-8925-1fd0d826c2fa,434,导水丸,,DSW,NIV,1, ,,2008-03-25 02:05:11.000,c6543358-354b-4986-a06f-bd61b0cde15d,3
45228c74-b57e-4050-9f86-04744f99c006,435,复方大柴胡汤,,FFDCHT,TYDHDI,1, ,,2008-03-25 02:05:11.000,c6543358-354b-4986-a06f-bd61b0cde15d,3
e90287d1-ebe6-4085-9bd7-ffdc23199050,436,加减崴笙汤,,JJWST,LUMTI,1, ,,2008-03-25 02:05:11.000,c6543358-354b-4986-a06f-bd61b0cde15d,3
f0a6a7e6-6c1e-4d02-ada6-62bc9aeb6ab4,437,防风通圣散,,FFTSS,BMCCA,1, ,,2008-03-25 02:05:11.000,c6543358-354b-4986-a06f-bd61b0cde15d,3
af495217-ee1b-4947-ad0c-ddc754a4f245,438,葱白七味饮,,CBQWY,ARAKQ,1, ,,2008-03-25 02:05:11.000,c6543358-354b-4986-a06f-bd61b0cde15d,3
68a79fa7-3465-448e-8aab-fda093a34651,439,白虎汤,,BHT,RHI,1, ,,2008-03-25 02:05:11.000,c6543358-354b-4986-a06f-bd61b0cde15d,3
0ac63543-aa8d-4abe-aae2-f330f54cfb65,440,葛根黄芩黄连汤,,GGHQHLT,ASAAALI,1, ,,2008-03-25 02:05:11.000,c6543358-354b-4986-a06f-bd61b0cde15d,3
fe46aa81-2b12-4c55-b0ad-cce3a57f8cae,441,白虎加人参汤,,BHJRST,RHLWCI,1, ,,2008-03-25 02:05:11.000,c6543358-354b-4986-a06f-bd61b0cde15d,3
a270f23f-6b97-411f-b71f-d1d169756efe,442,疏凿饮子,,SZYZ,NOQB,1, ,,2008-03-25 02:05:11.000,c6543358-354b-4986-a06f-bd61b0cde15d,3
2c3d9c4c-51a3-40aa-9a99-f23fa47f01c5,443,白虎加桂枝汤,,BHJGZT,RHLSSI,1, ,,2008-03-25 02:05:11.000,c6543358-354b-4986-a06f-bd61b0cde15d,3
347c30bf-49d8-437d-b1c5-08a81a046115,444,白虎加苍术汤,,BHJCST,RHLASI,1, ,,2008-03-25 02:05:11.000,c6543358-354b-4986-a06f-bd61b0cde15d,3
fb14d71a-e3cd-47ca-9b13-cfc2fbc7e34c,445,竹叶石膏汤,,ZYSGT,TKDYI,1, ,,2008-03-25 02:05:11.000,c6543358-354b-4986-a06f-bd61b0cde15d,3
c565d2f7-a066-493f-b375-d69cafcf8bc7,446,理中丸,,LZW,GKV,1, ,,2008-03-25 02:05:11.000,c6543358-354b-4986-a06f-bd61b0cde15d,3
cade635b-9e85-42a9-9f1a-f85eceaef38b,447,附子理中丸,,FZLZW,BBGKV,1, ,,2008-03-25 02:05:11.000,c6543358-354b-4986-a06f-bd61b0cde15d,3
56dcc7f5-645c-4b3e-b95b-4b5128fb8804,448,小建中汤,,XJZT,IVKI,1, ,,2008-03-25 02:05:11.000,c6543358-354b-4986-a06f-bd61b0cde15d,3
45011d30-1f85-48c7-be69-38ae7805d05e,449,清营汤,,QYT,IAI,1, ,,2008-03-25 02:05:11.000,c6543358-354b-4986-a06f-bd61b0cde15d,3
cfc6a5fe-ca9f-45c3-b621-791255807178,450,黄芪建中汤,,HQJZT,AAVKI,1, ,,2008-03-25 02:05:11.000,c6543358-354b-4986-a06f-bd61b0cde15d,3
6ea8a1c9-ae43-45e3-881d-c2b30b19b772,451,犀角地黄汤,,XJDHT,NQFAI,1, ,,2008-03-25 02:05:11.000,c6543358-354b-4986-a06f-bd61b0cde15d,3
4f507008-a5f0-4e14-a0bd-636688d1e9a4,452,当归建中汤,,DGJZT,IJVKI,1, ,,2008-03-25 02:05:11.000,c6543358-354b-4986-a06f-bd61b0cde15d,3
4c053e3a-692d-4fcd-bbaf-f0abf2ef440b,453,清瘟败毒饮,,QWBDY,IUMGQ,1, ,,2008-03-25 02:05:11.000,c6543358-354b-4986-a06f-bd61b0cde15d,3
8c79af94-abab-4673-bffb-60b96269fec4,454,大建中汤,,DJZT,DVKI,1, ,,2008-03-25 02:05:11.000,c6543358-354b-4986-a06f-bd61b0cde15d,3
9ca6c118-2df2-4b02-8a38-db499de083c5,455,吴茱萸汤,,WZYT,KAAI,1, ,,2008-03-25 02:05:11.000,c6543358-354b-4986-a06f-bd61b0cde15d,3
35503487-58c6-457b-89ae-eeba0dbdc3a6,456,四君子汤,,SJZT,LVBI,1, ,,2008-03-25 02:05:11.000,c6543358-354b-4986-a06f-bd61b0cde15d,3
438addd3-63f9-40d2-8754-e88f66c4b125,457,小半夏汤,,XBXT,IUDI,1, ,,2008-03-25 02:05:11.000,c6543358-354b-4986-a06f-bd61b0cde15d,3
5fd9deea-a0f5-4326-98bb-929267b29c9c,458,神犀丹,,SXD,PNM,1, ,,2008-03-25 02:05:11.000,c6543358-354b-4986-a06f-bd61b0cde15d,3
4af4aa5d-03a6-455b-80cc-bd376a432f4a,459,四逆汤,,SNT,LUI,1, ,,2008-03-25 02:05:11.000,c6543358-354b-4986-a06f-bd61b0cde15d,3
6a9ad918-56c2-46fb-b6a1-06d9259f70aa,460,异功散,,YGS,NAA,1, ,,2008-03-25 02:05:11.000,c6543358-354b-4986-a06f-bd61b0cde15d,3
7cfaac76-480b-482e-a349-e63823ab9c65,461,通脉四逆汤,,TMSNT,CELUI,1, ,,2008-03-25 02:05:11.000,c6543358-354b-4986-a06f-bd61b0cde15d,3
0967a5ab-c1cf-49b3-b72d-94fd9504f5ac,462,四逆加人参汤,,SNJRST,LULWCI,1, ,,2008-03-25 02:05:11.000,c6543358-354b-4986-a06f-bd61b0cde15d,3
17e50206-e1db-45c2-bd73-0e3d9eb23418,463,六君子汤,,LJZT,UVBI,1, ,,2008-03-25 02:05:11.000,c6543358-354b-4986-a06f-bd61b0cde15d,3
45da2764-f0b4-4e97-88c4-308c7f4ae283,464,黄连解毒汤,,HLJDT,ALQGI,1, ,,2008-03-25 02:05:11.000,c6543358-354b-4986-a06f-bd61b0cde15d,3
7b8e1c4c-d859-499d-b9bb-862475d4b6fc,465,白通汤,,BTT,RCI,1, ,,2008-03-25 02:05:11.000,c6543358-354b-4986-a06f-bd61b0cde15d,3
ed794028-8121-4540-99cb-82ab50619f4e,466,普济消毒饮,,PJXDY,UIIGQ,1, ,,2008-03-25 02:05:11.000,c6543358-354b-4986-a06f-bd61b0cde15d,3
2ef37684-7e00-42d4-9302-3b9f1e159e3c,467,香砂六君子汤,,XSLJZT,TDUVBI,1, ,,2008-03-25 02:05:11.000,c6543358-354b-4986-a06f-bd61b0cde15d,3
5e557833-a7d3-4a65-82c5-43198061d5cb,468,参附汤,,SFT,CBI,1, ,,2008-03-25 02:05:11.000,c6543358-354b-4986-a06f-bd61b0cde15d,3
6dd6341f-fa6d-444d-8ee8-eaea3b610b84,469,回阳救急汤<伤寒六书〉,,HYJJTSHLS,LBFQIWPUN,1, ,,2008-03-25 02:05:11.000,c6543358-354b-4986-a06f-bd61b0cde15d,3
9c7ea06f-fb0b-4b69-a3b9-08f516af95eb,470,保元汤,,BYT,WFI,1, ,,2008-03-25 02:05:11.000,c6543358-354b-4986-a06f-bd61b0cde15d,3
162c4707-418b-4764-b2ff-4bfe3015e935,471,凉膈散,,LGS,UEA,1, ,,2008-03-25 02:05:11.000,c6543358-354b-4986-a06f-bd61b0cde15d,3
14a428b6-9c19-4468-965c-769af93c2eb0,472,回阳救急汤2,,HYJJT,LBFQI,1, ,,2008-03-25 02:05:11.000,c6543358-354b-4986-a06f-bd61b0cde15d,3
02520b36-edee-4316-92a9-2f583debf92e,473,参苓白术散,,SLBSS,CARSA,1, ,,2008-03-25 02:05:11.000,c6543358-354b-4986-a06f-bd61b0cde15d,3
07b594ba-14c2-4116-b173-67aee94c0c03,474,仙方活命饮,,XFHMY,WYIWQ,1, ,,2008-03-25 02:05:11.000,c6543358-354b-4986-a06f-bd61b0cde15d,3
2a044db9-6221-433c-ae5d-86f9b06c72b9,475,当归四逆汤,,DGSNT,IJLUI,1, ,,2008-03-25 02:05:11.000,c6543358-354b-4986-a06f-bd61b0cde15d,3
b121b740-1b78-4ca8-9c2e-84d0a5d7e3f3,476,资生丸,,ZSW,UTV,1, ,,2008-03-25 02:05:11.000,c6543358-354b-4986-a06f-bd61b0cde15d,3
3cfbb9a7-1bcc-4716-aa37-5651a9a57577,477,五味消毒饮,,WWXDY,GKIGQ,1, ,,2008-03-25 02:05:11.000,c6543358-354b-4986-a06f-bd61b0cde15d,3
8bfedc43-0680-4e6e-9bb1-d9633975381e,478,黄芪桂枝五物汤,,HQGZWWT,AASSGTI,1, ,,2008-03-25 02:05:11.000,c6543358-354b-4986-a06f-bd61b0cde15d,3
9a2d007b-390c-4178-afc8-ac2ab2afaba8,479,阳和汤,,YHT,BTI,1, ,,2008-03-25 02:05:11.000,c6543358-354b-4986-a06f-bd61b0cde15d,3
ab22e23b-8ec5-4da1-a804-5aabdfe0aa45,480,四妙勇安丸,,SMYAW,LVCPV,1, ,,2008-03-25 02:05:11.000,c6543358-354b-4986-a06f-bd61b0cde15d,3
db2c7072-b217-4de0-a61d-c35e15fe035d,481,导赤散,,DCS,NFA,1, ,,2008-03-25 02:05:11.000,c6543358-354b-4986-a06f-bd61b0cde15d,3
067e8a53-a1cb-4597-9d50-08d78bbdfa1e,482,补中益气汤,,BZYQT,PKURI,1, ,,2008-03-25 02:05:11.000,c6543358-354b-4986-a06f-bd61b0cde15d,3
52595e5f-ca68-4d2b-b909-df05b1c752a4,483,清心莲子饮,,QXLZY,INABQ,1, ,,2008-03-25 02:05:11.000,c6543358-354b-4986-a06f-bd61b0cde15d,3
1e3723a2-7700-422b-a99e-5caae06a485a,484,升陷汤,,SXT,TBI,1, ,,2008-03-25 02:05:11.000,c6543358-354b-4986-a06f-bd61b0cde15d,3
42b432c9-93da-42d1-a6ac-c9fe8a5aa9dd,485,龙胆泻肝汤,,LDXGT,DEIEI,1, ,,2008-03-25 02:05:11.000,c6543358-354b-4986-a06f-bd61b0cde15d,3
61ac7808-e551-4e6c-b2df-bec8f9923870,486,升阳益胃汤,,SYYWT,TBULI,1, ,,2008-03-25 02:05:11.000,c6543358-354b-4986-a06f-bd61b0cde15d,3
34ccfcaa-be08-498f-b01b-d24e3e029646,487,牡蛎散,,MLS,TJA,1, ,,2008-03-25 02:05:11.000,c6543358-354b-4986-a06f-bd61b0cde15d,3
57b38bf8-c2ca-4401-9129-dc844e3a0125,488,九仙散,,JXS,VWA,1, ,,2008-03-25 02:05:11.000,c6543358-354b-4986-a06f-bd61b0cde15d,3
b55449a3-9a80-4ccd-9555-d745bc92ddc0,489,泻青丸,,XQW,IGV,1, ,,2008-03-25 02:05:11.000,c6543358-354b-4986-a06f-bd61b0cde15d,3
93fca8e0-b9eb-4e70-91b0-585728311d63,490,当归龙荟丸,,DGLHW,IJDAV,1, ,,2008-03-25 02:05:11.000,c6543358-354b-4986-a06f-bd61b0cde15d,3
9851b02e-c7ab-4de2-adb5-e567fdb9caf8,491,玉屏风散,,YPFS,GNMA,1, ,,2008-03-25 02:05:11.000,c6543358-354b-4986-a06f-bd61b0cde15d,3
47eaac2a-3e86-4e32-ba23-68f201bd562b,492,真人养脏汤,,ZRYZT,FWUEI,1, ,,2008-03-25 02:05:11.000,c6543358-354b-4986-a06f-bd61b0cde15d,3
824d6d96-0e00-497f-990b-70aa90ff6470,493,生脉散,,SMS,TEA,1, ,,2008-03-25 02:05:11.000,c6543358-354b-4986-a06f-bd61b0cde15d,3
4e6a8afb-2ef6-4b9c-a830-894ac1cad093,494,左金丸,,ZJW,DQV,1, ,,2008-03-25 02:05:11.000,c6543358-354b-4986-a06f-bd61b0cde15d,3
83f3e85d-2f88-4efb-beff-2e2a4cc9d754,495,人参蛤蚧散,,RSGJS,WCJJA,1, ,,2008-03-25 02:05:11.000,c6543358-354b-4986-a06f-bd61b0cde15d,3
b19b5aaa-e7a0-437e-af93-0f8ff84c8f51,496,戊己丸,,WJW,DNV,1, ,,2008-03-25 02:05:11.000,c6543358-354b-4986-a06f-bd61b0cde15d,3
fe834341-b03e-4ace-96ed-6d18c15792ba,497,四神丸,,SSW,LPV,1, ,,2008-03-25 02:05:11.000,c6543358-354b-4986-a06f-bd61b0cde15d,3
58e20a68-b9e3-4283-b618-e7db3f4203e3,498,桃花汤,,THT,SAI,1, ,,2008-03-25 02:05:11.000,c6543358-354b-4986-a06f-bd61b0cde15d,3
7314ba5f-3512-40b4-b05e-cb2afed97e0a,499,泻白散,,XBS,IRA,1, ,,2008-03-25 02:05:11.000,c6543358-354b-4986-a06f-bd61b0cde15d,3
ac240edc-9e7d-49ae-b187-a2bc2c79ddbf,500,葶苈大枣泻肺汤,,TLDZXFT,AADGIEI,1, ,,2008-03-25 02:05:11.000,c6543358-354b-4986-a06f-bd61b0cde15d,3
08a4ed85-b402-49b4-a1ab-a180027f0639,501,四物汤,,SWT,LTI,1, ,,2008-03-25 02:05:11.000,c6543358-354b-4986-a06f-bd61b0cde15d,3
03cdac8a-1875-49ed-b357-53dde543471f,502,苇茎汤,,WJT,AAI,1, ,,2008-03-25 02:05:11.000,c6543358-354b-4986-a06f-bd61b0cde15d,3
5f111b9e-15fc-44cb-bbbb-f149498c3338,503,胶艾汤,,JAT,EAI,1, ,,2008-03-25 02:05:11.000,c6543358-354b-4986-a06f-bd61b0cde15d,3
57fda100-5c22-48b2-b259-9a8c3c245b60,504,金锁固精丸,,JSGJW,QQLOV,1, ,,2008-03-25 02:05:11.000,c6543358-354b-4986-a06f-bd61b0cde15d,3
9d649ef7-a118-4da0-b505-29302428bc7b,505,清胃散,,QWS,ILA,1, ,,2008-03-25 02:05:11.000,c6543358-354b-4986-a06f-bd61b0cde15d,3
e5951a10-ff77-4c00-9668-ba663c7e5bc5,506,桃红四物汤,,THSWT,SXLTI,1, ,,2008-03-25 02:05:11.000,c6543358-354b-4986-a06f-bd61b0cde15d,3
a4e8458f-8cf9-48d9-a2f6-5f69e166ba38,507,水陆二仙丹,,SLEXD,IBFWM,1, ,,2008-03-25 02:05:11.000,c6543358-354b-4986-a06f-bd61b0cde15d,3
c3990117-9d57-4b47-88a5-017cb3029c67,508,泻黄散,,XHS,IAA,1, ,,2008-03-25 02:05:11.000,c6543358-354b-4986-a06f-bd61b0cde15d,3
5bd4c868-7bd7-4059-b608-cdfc6dc28f7e,509,当归补血汤,,DGBXT,IJPTI,1, ,,2008-03-25 02:05:11.000,c6543358-354b-4986-a06f-bd61b0cde15d,3
35c85625-f2ac-4285-ab99-44f4f059c790,510,桑螵蛸散,,SPSS,CJJA,1, ,,2008-03-25 02:05:11.000,c6543358-354b-4986-a06f-bd61b0cde15d,3
dd3d440b-54cc-4291-86cf-50a01b7651ce,511,玉女煎,,YNJ,GVU,1, ,,2008-03-25 02:05:11.000,c6543358-354b-4986-a06f-bd61b0cde15d,3
911a3c92-3a62-4950-8388-0b365a48950c,512,归脾汤,,GPT,JEI,1, ,,2008-03-25 02:05:11.000,c6543358-354b-4986-a06f-bd61b0cde15d,3
604e2a89-337f-4640-8897-f09f3e51c154,513,芍药汤,,SYT,AAI,1, ,,2008-03-25 02:05:11.000,c6543358-354b-4986-a06f-bd61b0cde15d,3
ef153024-02b1-4c5b-9ea4-f2e8bb7701f7,514,缩泉丸,,SQW,XRV,1, ,,2008-03-25 02:05:11.000,c6543358-354b-4986-a06f-bd61b0cde15d,3
611d9276-e460-4385-8c79-76bbef4902d3,515,八珍汤,,BZT,WGI,1, ,,2008-03-25 02:05:11.000,c6543358-354b-4986-a06f-bd61b0cde15d,3
e6ce2d30-1597-4982-8659-c44bc074346f,516,黄芩汤,,HQT,AAI,1, ,,2008-03-25 02:05:11.000,c6543358-354b-4986-a06f-bd61b0cde15d,3
c810e812-b72f-42b9-abaf-1880df9f63ad,517,固冲汤,,GCT,LUI,1, ,,2008-03-25 02:05:11.000,c6543358-354b-4986-a06f-bd61b0cde15d,3
a6df85d2-fcc9-43f2-9066-249b4c7db60f,518,十全大补汤,,SQDBT,FWDPI,1, ,,2008-03-25 02:05:11.000,c6543358-354b-4986-a06f-bd61b0cde15d,3
8ad91dca-1b25-49f0-aab6-2a1ae18d220f,519,香连丸,,XLW,TLV,1, ,,2008-03-25 02:05:11.000,c6543358-354b-4986-a06f-bd61b0cde15d,3
c823d50a-6c08-4e35-9abd-3610db955ae9,520,白头翁汤,,BTWT,RUWI,1, ,,2008-03-25 02:05:11.000,c6543358-354b-4986-a06f-bd61b0cde15d,3
bff22245-c740-4ba2-9ed5-202f08c3e762,521,人参养荣汤,,RSYRT,WCUAI,1, ,,2008-03-25 02:05:11.000,c6543358-354b-4986-a06f-bd61b0cde15d,3
f0ed71fd-a0e6-4fcb-a92c-9b2551eba938,522,白头翁加甘草阿胶汤,,BTWJGCAJT,RUWLAABEI,1, ,,2008-03-25 02:05:11.000,c6543358-354b-4986-a06f-bd61b0cde15d,3
8b51f580-3d71-4f60-9ae3-f511e37cd387,523,固经丸,,GJW,LXV,1, ,,2008-03-25 02:05:11.000,c6543358-354b-4986-a06f-bd61b0cde15d,3
5851d19e-0c72-40ae-9548-a8fc11d8d367,524,六一散,,LYS,UGA,1, ,,2008-03-25 02:05:11.000,c6543358-354b-4986-a06f-bd61b0cde15d,3
1f5d30a8-3122-4078-b79e-b096071d2f5e,525,易黄汤,,YHT,JAI,1, ,,2008-03-25 02:05:11.000,c6543358-354b-4986-a06f-bd61b0cde15d,3
a1e7b9c3-23a0-40ce-a9ec-9abd1e8e94fd,526,益元散,,YYS,UFA,1, ,,2008-03-25 02:05:11.000,c6543358-354b-4986-a06f-bd61b0cde15d,3
b82ecbd1-5227-424b-a0bc-d077a63b8c59,527,泰山磐石散,,TSPSS,DMTDA,1, ,,2008-03-25 02:05:11.000,c6543358-354b-4986-a06f-bd61b0cde15d,3
e3db832f-9a27-4777-9194-e3a5d13850e1,528,碧玉散,,BYS,GGA,1, ,,2008-03-25 02:05:11.000,c6543358-354b-4986-a06f-bd61b0cde15d,3
77e31fa2-b776-41aa-b4b7-18a9ae230c9a,529,清带汤,,QDT,IGI,1, ,,2008-03-25 02:05:11.000,c6543358-354b-4986-a06f-bd61b0cde15d,3
eb5ae8c0-536e-4718-b91b-d19106a597d9,530,鸡苏散,,JSS,CAA,1, ,,2008-03-25 02:05:11.000,c6543358-354b-4986-a06f-bd61b0cde15d,3
9ee48224-f4d8-42a6-8ea5-314b392bf28e,531,桂苓甘露饮,,GLGLY,SAAFQ,1, ,,2008-03-25 02:05:11.000,c6543358-354b-4986-a06f-bd61b0cde15d,3
342b7235-a9bd-4eeb-a2c1-8734b2d4f646,532,保产无忧散,,BCWYS,WUFNA,1, ,,2008-03-25 02:05:11.000,c6543358-354b-4986-a06f-bd61b0cde15d,3
c1bbbb49-c4f0-472d-bc78-e117753d567a,533,清暑益气汤,,QSYQT,IJURI,1, ,,2008-03-25 02:05:11.000,c6543358-354b-4986-a06f-bd61b0cde15d,3
78e969d0-70c7-460e-bcb1-eb582aac5a44,534,朱砂安神丸,,ZSASW,RDPPV,1, ,,2008-03-25 02:05:11.000,c6543358-354b-4986-a06f-bd61b0cde15d,3
c4af419d-c6bb-451b-838c-45f1f28f2a4b,535,清暑益气汤《脾胃论》,,QSYQTPWL,IJURIELY,1, ,,2008-03-25 02:05:11.000,c6543358-354b-4986-a06f-bd61b0cde15d,3
bfd078b9-970c-4833-a43e-77d7bfad2566,536,六味地黄丸,,LWDHW,UKFAV,1, ,,2008-03-25 02:05:11.000,c6543358-354b-4986-a06f-bd61b0cde15d,3
f25081ba-7574-4b8b-8895-d260b87d7f8d,537,生铁落饮,,STLY,TQAQ,1, ,,2008-03-25 02:05:11.000,c6543358-354b-4986-a06f-bd61b0cde15d,3
46cf408e-ed41-4975-8043-dc13eaf9c6e6,538,知柏地黄丸,,ZBDHW,TSFAV,1, ,,2008-03-25 02:05:11.000,c6543358-354b-4986-a06f-bd61b0cde15d,3
ad81bd99-5f32-4c09-a516-bc1362d585ca,539,青蒿鳖甲汤,,QHBJT,GAULI,1, ,,2008-03-25 02:05:11.000,c6543358-354b-4986-a06f-bd61b0cde15d,3
d8b188ca-cde8-4fc4-bd20-e46d8bd93805,540,清骨散,,QGS,IMA,1, ,,2008-03-25 02:05:11.000,c6543358-354b-4986-a06f-bd61b0cde15d,3
e1daaf2a-2a17-4a78-9d89-cdaff46e985b,541,青艽鳖甲散,,QJBJS,GAULA,1, ,,2008-03-25 02:05:11.000,c6543358-354b-4986-a06f-bd61b0cde15d,3
1cadee13-1c49-4794-9ee0-26a6705cc3d0,542,杞菊地黄丸,,QJDHW,SAFAV,1, ,,2008-03-25 02:05:11.000,c6543358-354b-4986-a06f-bd61b0cde15d,3
9287df62-6188-493b-8305-5f9ebd810d49,543,当归六黄汤,,DGLHT,IJUAI,1, ,,2008-03-25 02:05:11.000,c6543358-354b-4986-a06f-bd61b0cde15d,3
602af1ff-7919-4814-8a47-b29d7a4df7d0,544,磁朱丸,,CZW,DRV,1, ,,2008-03-25 02:05:11.000,c6543358-354b-4986-a06f-bd61b0cde15d,3
880797f2-1929-487f-a873-757c00f23d16,545,都气丸,,DQW,FRV,1, ,,2008-03-25 02:05:11.000,c6543358-354b-4986-a06f-bd61b0cde15d,3
3aa684ba-181c-4032-b159-de19ef9e1a7a,546,天王补心丹,,TWBXD,GGPNM,1, ,,2008-03-25 02:05:11.000,c6543358-354b-4986-a06f-bd61b0cde15d,3
1b158a01-a0d0-4329-ae6c-fc1f6fb4b295,547,麦味地黄丸,,MWDHW,GKFAV,1, ,,2008-03-25 02:05:11.000,c6543358-354b-4986-a06f-bd61b0cde15d,3
e4761d58-863a-42c8-bcfb-f724e5345f78,548,安宫牛黄丸,,AGNHW,PPRAV,1, ,,2008-03-25 02:05:11.000,c6543358-354b-4986-a06f-bd61b0cde15d,3
34ccc691-a2ec-47f7-9df2-5f662a15b11a,549,左归丸,,ZGW,DJV,1, ,,2008-03-25 02:05:11.000,c6543358-354b-4986-a06f-bd61b0cde15d,3
a9dfacb3-2ee3-4f53-b330-f7467dab97a5,550,左归饮,,ZGY,DJQ,1, ,,2008-03-25 02:05:11.000,c6543358-354b-4986-a06f-bd61b0cde15d,3
3f4053b7-0118-4b53-b38d-9a0de6f76a6d,551,牛黄清心丸,,NHQXW,RAINV,1, ,,2008-03-25 02:05:11.000,c6543358-354b-4986-a06f-bd61b0cde15d,3
6ee2ca96-f87f-4971-aa68-fffcf255d4e4,552,大补阴丸,,DBYW,DPBV,1, ,,2008-03-25 02:05:11.000,c6543358-354b-4986-a06f-bd61b0cde15d,3
b4ae5ad9-c74d-47b9-944d-9d0d1b66842c,553,紫雪,,ZX,HF,1, ,,2008-03-25 02:05:11.000,c6543358-354b-4986-a06f-bd61b0cde15d,3
97492448-f21f-4b82-be60-0a9a15f89f67,554,炙甘草汤,,ZGCT,QAAI,1, ,,2008-03-25 02:05:11.000,c6543358-354b-4986-a06f-bd61b0cde15d,3
2d55822f-859a-4810-9c9f-19522c0d0f59,555,柏子养心丸,,BZYXW,SBUNV,1, ,,2008-03-25 02:05:11.000,c6543358-354b-4986-a06f-bd61b0cde15d,3
6ad932cb-31a3-4e02-a584-db566ae84e5c,556,至宝丹,,ZBD,GPM,1, ,,2008-03-25 02:05:11.000,c6543358-354b-4986-a06f-bd61b0cde15d,3
27c27e1f-490a-43b2-9900-dea00d6d5b31,557,一贯煎,,YGJ,GXU,1, ,,2008-03-25 02:05:11.000,c6543358-354b-4986-a06f-bd61b0cde15d,3
a10a3ffe-98ac-4870-9789-23709af2afa3,558,孔圣枕中丹,,KSZZD,BCSKM,1, ,,2008-03-25 02:05:11.000,c6543358-354b-4986-a06f-bd61b0cde15d,3
4d644795-9149-47f2-96dc-144c59c9f24a,559,行军散,,XJS,TPA,1, ,,2008-03-25 02:05:11.000,c6543358-354b-4986-a06f-bd61b0cde15d,3
5117e35c-5339-43d0-a78e-69a971cdaf94,560,酸枣仁汤,,SZRT,SGWI,1, ,,2008-03-25 02:05:11.000,c6543358-354b-4986-a06f-bd61b0cde15d,3
8695b500-cee4-49d6-8951-704e3f774146,561,百合固金汤,,BHGJT,DWLQI,1, ,,2008-03-25 02:05:11.000,c6543358-354b-4986-a06f-bd61b0cde15d,3
926cadd1-b684-411f-977f-164b6179076f,562,苏合香丸,,SHXW,AWTV,1, ,,2008-03-25 02:05:11.000,c6543358-354b-4986-a06f-bd61b0cde15d,3
6a20d82e-c103-4b40-b459-40de49cdd679,563,甘麦大枣汤,,GMDZT,AGDGI,1, ,,2008-03-25 02:05:11.000,c6543358-354b-4986-a06f-bd61b0cde15d,3
47480d3b-d172-4769-844e-e06855bdb537,564,冠心苏合丸,,GXSHW,PNAWV,1, ,,2008-03-25 02:05:11.000,c6543358-354b-4986-a06f-bd61b0cde15d,3
3840efc6-651f-46e3-afeb-81b39abd01fc,565,补肺阿胶汤,,BFAJT,PEBEI,1, ,,2008-03-25 02:05:11.000,c6543358-354b-4986-a06f-bd61b0cde15d,3
06fe9c78-a548-4eb5-9fdb-58087921be71,566,紫金锭,,ZJD,HQQ,1, ,,2008-03-25 02:05:11.000,c6543358-354b-4986-a06f-bd61b0cde15d,3
78af3845-b003-419e-b1c3-2d3ceca7778b,567,益胃汤,,YWT,ULI,1, ,,2008-03-25 02:05:11.000,c6543358-354b-4986-a06f-bd61b0cde15d,3
63e78d25-fba9-4c9c-9e6d-6edd1235f144,568,越鞠丸,,YJW,FAV,1, ,,2008-03-25 02:05:11.000,c6543358-354b-4986-a06f-bd61b0cde15d,3
1bc25c8c-7374-4f2e-a3ac-d56e24d13ba7,569,肾气丸,,SQW,JRV,1, ,,2008-03-25 02:05:11.000,c6543358-354b-4986-a06f-bd61b0cde15d,3
d5e6f40f-4b2c-4549-9168-72a7f83cd636,570,柴胡疏肝散,,CHSGS,HDNEA,1, ,,2008-03-25 02:05:11.000,c6543358-354b-4986-a06f-bd61b0cde15d,3
0e388cce-3093-4a76-9d35-238fed4898d2,571,桃核承气汤,,THCQT,SSBRI,1, ,,2008-03-25 02:05:11.000,c6543358-354b-4986-a06f-bd61b0cde15d,3
fc02d127-4bc4-44da-a123-f2d741f4226b,572,加味肾气丸,,JWSQW,LKJRV,1, ,,2008-03-25 02:05:11.000,c6543358-354b-4986-a06f-bd61b0cde15d,3
54d85b92-ea85-42c2-9346-4bb240ba3130,573,四磨汤,,SMT,LYI,1, ,,2008-03-25 02:05:11.000,c6543358-354b-4986-a06f-bd61b0cde15d,3
1459708a-e487-4454-87e5-646c54e908e3,574,下瘀血汤,,XYXT,GUTI,1, ,,2008-03-25 02:05:11.000,c6543358-354b-4986-a06f-bd61b0cde15d,3
c2830df9-2874-4f4c-98a2-33d443f01f0f,575,十补丸,,SBW,FPV,1, ,,2008-03-25 02:05:11.000,c6543358-354b-4986-a06f-bd61b0cde15d,3
c47f4374-6924-4a23-b4b6-08b1ece21004,576,瓜篓薤白白酒汤,,GLXBBJT,RTARRII,1, ,,2008-03-25 02:05:11.000,c6543358-354b-4986-a06f-bd61b0cde15d,3
49df296c-be25-434b-beb2-a3697378eb31,577,血府逐瘀汤,,XFZYT,TYEUI,1, ,,2008-03-25 02:05:11.000,c6543358-354b-4986-a06f-bd61b0cde15d,3
c500794c-7aca-4e06-b0b5-58c03fb7b120,578,瓜篓薤白半夏汤,,GLXBBXT,RTARUDI,1, ,,2008-03-25 02:05:11.000,c6543358-354b-4986-a06f-bd61b0cde15d,3
94c3210f-4890-4135-82f0-f540229d1a32,579,通窍活血汤,,TQHXT,CPITI,1, ,,2008-03-25 02:05:11.000,c6543358-354b-4986-a06f-bd61b0cde15d,3
a0ede756-226b-46f9-adbd-60ac4dce8de1,580,右归丸,,YGW,DJV,1, ,,2008-03-25 02:05:11.000,c6543358-354b-4986-a06f-bd61b0cde15d,3
67949263-af0f-49c1-994b-762d3b1f176e,581,枳实薤白桂枝汤,,ZSXBGZT,SPARSSI,1, ,,2008-03-25 02:05:11.000,c6543358-354b-4986-a06f-bd61b0cde15d,3
96117f0b-3d86-44ea-8479-4fbcfe3ece3c,582,右归饮,,YGY,DJQ,1, ,,2008-03-25 02:05:11.000,c6543358-354b-4986-a06f-bd61b0cde15d,3
d369942b-f1d6-4a05-b879-bf633244e06d,583,膈下逐瘀汤,,GXZYT,EGEUI,1, ,,2008-03-25 02:05:11.000,c6543358-354b-4986-a06f-bd61b0cde15d,3
f789424a-b130-4519-877e-aa432beb3894,584,地黄饮子,,DHYZ,FAQB,1, ,,2008-03-25 02:05:11.000,c6543358-354b-4986-a06f-bd61b0cde15d,3
00fc381c-c61b-4aec-bf9b-53666f6c2794,585,少府逐瘀汤,,SFZYT,IYEUI,1, ,,2008-03-25 02:05:11.000,c6543358-354b-4986-a06f-bd61b0cde15d,3
41d3af68-8272-4015-833b-defeb2847c6b,586,半夏厚朴汤,,BXHPT,UDDSI,1, ,,2008-03-25 02:05:11.000,c6543358-354b-4986-a06f-bd61b0cde15d,3
4c9e8409-08e1-4b0a-b932-8c1e94f5efcf,587,身痛逐瘀汤,,STZYT,TUEUI,1, ,,2008-03-25 02:05:11.000,c6543358-354b-4986-a06f-bd61b0cde15d,3
80d1d8ee-9c71-47b7-9405-0a1a2092f9dd,588,枳实消痞丸,,ZSXPW,SPIUV,1, ,,2008-03-25 02:05:11.000,c6543358-354b-4986-a06f-bd61b0cde15d,3
11609a3a-ac14-4f30-83e5-11e6b77e39bb,589,龟鹿二仙胶,,GLEXJ,QYFWE,1, ,,2008-03-25 02:05:11.000,c6543358-354b-4986-a06f-bd61b0cde15d,3
6eca20c4-8731-4898-8db1-b8bb1e4314dc,590,枳术汤,,ZST,SSI,1, ,,2008-03-25 02:05:11.000,c6543358-354b-4986-a06f-bd61b0cde15d,3
e8f80a5c-7973-40fd-8fc1-71d217a1a1ff,591,枳术丸,,ZSW,SSV,1, ,,2008-03-25 02:05:11.000,c6543358-354b-4986-a06f-bd61b0cde15d,3
e8a33531-3709-4e76-a3c3-e0a8251ebcba,592,七宝美髯丹,,QBMRD,APUDM,1, ,,2008-03-25 02:05:11.000,c6543358-354b-4986-a06f-bd61b0cde15d,3
c4def2f4-029e-478a-9dd6-c2236c89417e,593,厚朴温中汤,,HPWZT,DSIKI,1, ,,2008-03-25 02:05:11.000,c6543358-354b-4986-a06f-bd61b0cde15d,3
53c3c791-f85c-47be-8603-d6daacb7c42a,594,良附丸,,LFW,YBV,1, ,,2008-03-25 02:05:11.000,c6543358-354b-4986-a06f-bd61b0cde15d,3
fb5aa7eb-83cf-427f-a34a-becf48e21173,595,金铃子散,,JLZS,QQBA,1, ,,2008-03-25 02:05:11.000,c6543358-354b-4986-a06f-bd61b0cde15d,3
14960317-6a58-4b3f-8cf7-90eeadbff71c,596,补阳还五汤,,BYHWT,PBGGI,1, ,,2008-03-25 02:05:11.000,c6543358-354b-4986-a06f-bd61b0cde15d,3
b747640f-5d6d-466f-9043-c1319b9fb804,597,川芎茶调散,,CXCDS,KAAYA,1, ,,2008-03-25 02:05:11.000,c6543358-354b-4986-a06f-bd61b0cde15d,3
3e7447bf-ff1a-44e5-a34e-88477747ab5f,598,天台乌药散,,TTWYS,GCQAA,1, ,,2008-03-25 02:05:11.000,c6543358-354b-4986-a06f-bd61b0cde15d,3
c6671d52-0374-40a6-ad10-ecf006b01610,599,复元活血汤,,FYHXT,TFITI,1, ,,2008-03-25 02:05:11.000,c6543358-354b-4986-a06f-bd61b0cde15d,3
d3a000b4-a3cb-434e-8752-c44be801e58f,600,橘核丸,,JHW,SSV,1, ,,2008-03-25 02:05:11.000,c6543358-354b-4986-a06f-bd61b0cde15d,3
747464da-75d5-4308-bbba-c234624547f3,601,菊花茶调散,,JHCDS,AAAYA,1, ,,2008-03-25 02:05:11.000,c6543358-354b-4986-a06f-bd61b0cde15d,3
c4cef077-89a9-410d-a79d-9f1d6910a004,602,温经汤,,WJT,IXI,1, ,,2008-03-25 02:05:11.000,c6543358-354b-4986-a06f-bd61b0cde15d,3
bfaad223-da08-4161-98f4-a655eff67251,603,七厘散,,QLS,ADA,1, ,,2008-03-25 02:05:11.000,c6543358-354b-4986-a06f-bd61b0cde15d,3
b89e48b5-4730-4270-a986-be9e42383edc,604,独活寄生汤,,DHJST,QIPTI,1, ,,2008-03-25 02:05:11.000,c6543358-354b-4986-a06f-bd61b0cde15d,3
0ff392e2-ae56-47f7-898b-729a9a8b23b7,605,暖肝煎,,NGJ,JEU,1, ,,2008-03-25 02:05:11.000,c6543358-354b-4986-a06f-bd61b0cde15d,3
87e3ae1c-6e3d-4209-879a-14d6adabec6c,606,温经汤《妇人良方》,,WJTFRLF,IXIVWYY,1, ,,2008-03-25 02:05:11.000,c6543358-354b-4986-a06f-bd61b0cde15d,3
d7133492-bd8a-4d3d-aa7b-0fd3515f6e21,607,加味乌药汤,,JWWYT,LKQAI,1, ,,2008-03-25 02:05:11.000,c6543358-354b-4986-a06f-bd61b0cde15d,3
b24553e3-f95f-4dd1-97df-a8fca714fecc,608,艾附暖宫丸,,AFNGW,ABJPV,1, ,,2008-03-25 02:05:11.000,c6543358-354b-4986-a06f-bd61b0cde15d,3
7b47fc70-db59-4147-93f6-bd19007f4027,609,乌头汤,,WTT,QUI,1, ,,2008-03-25 02:05:11.000,c6543358-354b-4986-a06f-bd61b0cde15d,3
b619e57b-f18e-4476-9695-df1ea77662b9,610,正气天香散,,ZQTXS,GRGTA,1, ,,2008-03-25 02:05:11.000,c6543358-354b-4986-a06f-bd61b0cde15d,3
ca40f5c8-483d-439f-bdc5-45ff52b33712,611,生化汤,,SHT,TWI,1, ,,2008-03-25 02:05:11.000,c6543358-354b-4986-a06f-bd61b0cde15d,3
e46f0b04-5f38-4b7b-b166-144e25674a1e,612,大秦艽汤,,DQJT,DDAI,1, ,,2008-03-25 02:05:11.000,c6543358-354b-4986-a06f-bd61b0cde15d,3
50d0a404-bfa5-4be2-b7fe-40bcb7b0c1aa,613,苏子降气汤,,SZJQT,ABBRI,1, ,,2008-03-25 02:05:11.000,c6543358-354b-4986-a06f-bd61b0cde15d,3
78f926f0-174a-4159-ad3b-741e3341e5f1,614,桂枝茯苓丸,,GZFLW,SSAAV,1, ,,2008-03-25 02:05:11.000,c6543358-354b-4986-a06f-bd61b0cde15d,3
fd0ed1c1-e841-4124-a292-9e53c650ad8d,615,失笑散,,SXS,RTA,1, ,,2008-03-25 02:05:11.000,c6543358-354b-4986-a06f-bd61b0cde15d,3
bb065e89-5be0-47ea-80ac-6e9c045f6f74,616,三子养亲汤,,SZYQT,DBUUI,1, ,,2008-03-25 02:05:11.000,c6543358-354b-4986-a06f-bd61b0cde15d,3
d91b475d-f82d-4946-8369-e345470e5b35,617,活络效灵丹,,HLXLD,IXUVM,1, ,,2008-03-25 02:05:11.000,c6543358-354b-4986-a06f-bd61b0cde15d,3
97f2c71a-3a4e-45f9-8482-9ba80ad49ae3,618,定喘汤,,DCT,PKI,1, ,,2008-03-25 02:05:11.000,c6543358-354b-4986-a06f-bd61b0cde15d,3
bb84ccb6-bc35-41a8-b242-9e050eb8ee1c,619,宫外孕1号方,,GWYHF,PQEKY,1, ,,2008-03-25 02:05:11.000,c6543358-354b-4986-a06f-bd61b0cde15d,3
5061d140-621b-469f-89ea-92267cac8c4a,620,宫外孕2号方,,GWYHF,PQEKY,1, ,,2008-03-25 02:05:11.000,c6543358-354b-4986-a06f-bd61b0cde15d,3
677963fd-273e-4b0b-b1f8-fdc99c20fbad,621,旋覆代赭汤,,XFDZT,YSWFI,1, ,,2008-03-25 02:05:11.000,c6543358-354b-4986-a06f-bd61b0cde15d,3
b6f67b7b-91d2-472f-b86d-12b6c147f309,622,小活络丹,,XHLD,IIXM,1, ,,2008-03-25 02:05:11.000,c6543358-354b-4986-a06f-bd61b0cde15d,3
b98de4e1-9f55-4ff3-8a8d-3a577d968a71,623,丹参饮,,DSY,MCQ,1, ,,2008-03-25 02:05:11.000,c6543358-354b-4986-a06f-bd61b0cde15d,3
e05c3d44-cc59-486b-961b-b56e1df63cdd,624,鳖甲煎丸,,BJJW,ULUV,1, ,,2008-03-25 02:05:11.000,c6543358-354b-4986-a06f-bd61b0cde15d,3
8b15ac82-8b4e-47fc-b03c-85dcbe686cbd,625,大活络丹,,DHLD,DIXM,1, ,,2008-03-25 02:05:11.000,c6543358-354b-4986-a06f-bd61b0cde15d,3
15917682-e885-4adf-94dc-82d427434db7,626,橘皮竹茹汤,,JPZRT,SHTAI,1, ,,2008-03-25 02:05:11.000,c6543358-354b-4986-a06f-bd61b0cde15d,3
80b0590c-9215-4682-b597-76ba99ebbf31,627,新制橘皮竹茹汤,,XZJPZRT,URSHTAI,1, ,,2008-03-25 02:05:11.000,c6543358-354b-4986-a06f-bd61b0cde15d,3
b1005247-053a-4e67-a4ce-63297394e17b,628,丁香柿蒂散,,DXSDS,STSAA,1, ,,2008-03-25 02:05:11.000,c6543358-354b-4986-a06f-bd61b0cde15d,3
b51f0e42-99a2-4742-8874-e504e7b67381,629,大黄蛰虫丸,,DHZCW,DARJV,1, ,,2008-03-25 02:05:11.000,c6543358-354b-4986-a06f-bd61b0cde15d,3
df583a33-7d7f-4356-af87-3fc8b78beefe,630,杏苏散,,XSS,SAA,1, ,,2008-03-25 02:05:11.000,c6543358-354b-4986-a06f-bd61b0cde15d,3
74d9c318-a891-4b64-b7cf-c2025cc894fa,631,十灰散,,SHS,FDA,1, ,,2008-03-25 02:05:11.000,c6543358-354b-4986-a06f-bd61b0cde15d,3
682c5c53-bef0-47bf-8aca-7c6ccd15fe20,632,桑杏汤,,SXT,CSI,1, ,,2008-03-25 02:05:11.000,c6543358-354b-4986-a06f-bd61b0cde15d,3
832fe8be-9433-4b4e-8eac-12979a7f4fb6,633,牵正散,,QZS,DGA,1, ,,2008-03-25 02:05:11.000,c6543358-354b-4986-a06f-bd61b0cde15d,3
42649444-5591-46f5-b968-a708274f1ace,634,止痉散,,ZJS,HUA,1, ,,2008-03-25 02:05:11.000,c6543358-354b-4986-a06f-bd61b0cde15d,3
7f871938-188d-4a0d-9295-5bba732e9052,635,清燥救肺汤,,QZJFT,IOFEI,1, ,,2008-03-25 02:05:11.000,c6543358-354b-4986-a06f-bd61b0cde15d,3
7f4e21b2-fc9b-438e-94ac-6a416b6a4529,636,玉真散,,YZS,GFA,1, ,,2008-03-25 02:05:11.000,c6543358-354b-4986-a06f-bd61b0cde15d,3
4b6c5407-e3f7-4c15-b001-29f3f9457dc3,637,四生丸,,SSW,LTV,1, ,,2008-03-25 02:05:11.000,c6543358-354b-4986-a06f-bd61b0cde15d,3
36c167c5-e615-4cde-883f-1549ac351525,638,消风散,,XFS,IMA,1, ,,2008-03-25 02:05:11.000,c6543358-354b-4986-a06f-bd61b0cde15d,3
fd348e93-3e06-4793-90b2-5752c03e9bc3,639,沙参麦冬汤,,SSMDT,ICGTI,1, ,,2008-03-25 02:05:11.000,c6543358-354b-4986-a06f-bd61b0cde15d,3
85a504a0-8b8e-433c-b5c2-0bdbd6df852f,640,咳血方,,KXF,KTY,1, ,,2008-03-25 02:05:11.000,c6543358-354b-4986-a06f-bd61b0cde15d,3
af64e894-336b-4215-8e29-b496a1b55c87,641,小蓟饮子,,XJYZ,IAQB,1, ,,2008-03-25 02:05:11.000,c6543358-354b-4986-a06f-bd61b0cde15d,3
58a4a94c-fae9-457d-8570-554df618eb3f,642,当归饮子,,DGYZ,IJQB,1, ,,2008-03-25 02:05:11.000,c6543358-354b-4986-a06f-bd61b0cde15d,3
3617dcac-8599-466f-b2f0-6a5d99220378,643,麦门冬汤,,MMDT,GUTI,1, ,,2008-03-25 02:05:11.000,c6543358-354b-4986-a06f-bd61b0cde15d,3
fa6033a0-e32e-4e73-a2d3-9f868735318f,644,槐花散,,HHS,SAA,1, ,,2008-03-25 02:05:11.000,c6543358-354b-4986-a06f-bd61b0cde15d,3
29d353a6-199b-4003-a5a4-499eb17006fb,645,羚角钩藤汤,,LJGTT,UQQAI,1, ,,2008-03-25 02:05:11.000,c6543358-354b-4986-a06f-bd61b0cde15d,3
58343032-9488-4019-bbd3-d9024eb53f6a,646,养阴清肺汤,,YYQFT,UBIEI,1, ,,2008-03-25 02:05:11.000,c6543358-354b-4986-a06f-bd61b0cde15d,3
9f88d43a-bd08-4351-95f2-1301dbb5f0c0,648,玉液汤,,YYT,GII,1, ,,2008-03-25 02:05:11.000,c6543358-354b-4986-a06f-bd61b0cde15d,3
940a6c2c-90fc-4eb3-8d48-64864c62bf0c,649,琼玉膏,,QYG,GGY,1, ,,2008-03-25 02:05:11.000,c6543358-354b-4986-a06f-bd61b0cde15d,3
d2e71e78-8ca8-4c1c-90ae-43b4af18ba42,650,增液汤,,ZYT,FII,1, ,,2008-03-25 02:05:11.000,c6543358-354b-4986-a06f-bd61b0cde15d,3
6a97e6bc-79c6-49a5-9517-cca89159913d,652,平胃散,,PWS,GLA,1, ,,2008-03-25 02:05:11.000,c6543358-354b-4986-a06f-bd61b0cde15d,3
d83567ff-229a-4a2f-8836-51065f092c1d,653,柴平散,,CPS,HGA,1, ,,2008-03-25 02:05:11.000,c6543358-354b-4986-a06f-bd61b0cde15d,3
e24b1354-1e8c-4277-bb89-2a13878d2c43,654,藿香正气散,,HXZQS,ATGRA,1, ,,2008-03-25 02:05:11.000,c6543358-354b-4986-a06f-bd61b0cde15d,3
97002529-aac4-4e40-a735-8b05438e6fd4,655,六和汤,,LHT,UTI,1, ,,2008-03-25 02:05:11.000,c6543358-354b-4986-a06f-bd61b0cde15d,3
3a25d4bc-aad1-4a55-b431-00bff14d4b40,656,导痰汤,,DTT,NUI,1, ,,2008-03-25 02:05:11.000,c6543358-354b-4986-a06f-bd61b0cde15d,3
78d95f29-8d26-4764-ae03-253ebefd1b7c,657,茵陈蒿汤,,YCHT,ABAI,1, ,,2008-03-25 02:05:11.000,c6543358-354b-4986-a06f-bd61b0cde15d,3
1c42dcb9-6681-428a-8381-18616063788b,658,涤痰汤,,DTT,IUI,1, ,,2008-03-25 02:05:11.000,c6543358-354b-4986-a06f-bd61b0cde15d,3
fd489ca9-e012-4ead-adcd-24d24d154f3c,659,栀子柏皮汤,,ZZBPT,SBSHI,1, ,,2008-03-25 02:05:11.000,c6543358-354b-4986-a06f-bd61b0cde15d,3
e7b8d02e-ae79-43e7-907c-7d6eaad7bbe9,660,茵陈四逆汤,,YCSNT,ABLUI,1, ,,2008-03-25 02:05:11.000,c6543358-354b-4986-a06f-bd61b0cde15d,3
cc999c81-844f-4a51-8a3b-8e6cb4254b98,661,八正散,,BZS,WGA,1, ,,2008-03-25 02:05:11.000,c6543358-354b-4986-a06f-bd61b0cde15d,3
b46844ce-9acb-4d1a-b9d7-f6d67ddb2b19,662,五淋散,,WLS,GIA,1, ,,2008-03-25 02:05:11.000,c6543358-354b-4986-a06f-bd61b0cde15d,3
b29d35df-3c40-404a-a745-50f3a62b50f9,663,三仁汤,,SRT,DWI,1, ,,2008-03-25 02:05:11.000,c6543358-354b-4986-a06f-bd61b0cde15d,3
16ce7518-c394-45f6-a618-c81206ada717,664,茯苓丸,,FLW,AAV,1, ,,2008-03-25 02:05:11.000,c6543358-354b-4986-a06f-bd61b0cde15d,3
c9bedf8a-2187-43fb-be30-77877b5c1c91,665,藿朴夏苓汤,,HPXLT,ASDAI,1, ,,2008-03-25 02:05:11.000,c6543358-354b-4986-a06f-bd61b0cde15d,3
8dbda459-fb59-4466-bea4-a8dd1ef49aa1,666,温胆汤,,WDT,IEI,1, ,,2008-03-25 02:05:11.000,c6543358-354b-4986-a06f-bd61b0cde15d,3
343a0ed3-2fd7-42c6-94ff-43d39e51849b,667,黄芩滑石散,,HQHSS,AAIDA,1, ,,2008-03-25 02:05:11.000,c6543358-354b-4986-a06f-bd61b0cde15d,3
091e67bd-4139-49e4-b6b2-6fb61e0df984,668,甘露消毒丹,,GLXDD,AFIGM,1, ,,2008-03-25 02:05:11.000,c6543358-354b-4986-a06f-bd61b0cde15d,3
79003c14-24ed-40e2-ba8b-95b0dc6d51eb,669,十味温胆汤,,SWWDT,FKIEI,1, ,,2008-03-25 02:05:11.000,c6543358-354b-4986-a06f-bd61b0cde15d,3
4ad92925-7a6f-4cd9-b8d8-61c52e0bfdcc,670,连朴饮,,LPY,LSQ,1, ,,2008-03-25 02:05:11.000,c6543358-354b-4986-a06f-bd61b0cde15d,3
e24c0fbd-4ad0-4955-812f-6f014638ea58,671,清气化痰丸,,QQHTW,IRWUV,1, ,,2008-03-25 02:05:11.000,c6543358-354b-4986-a06f-bd61b0cde15d,3
d55973bd-f651-4104-8748-04f0dc8b73b5,672,当归黏痛方,,DGNTF,IJTUY,1, ,,2008-03-25 02:05:11.000,c6543358-354b-4986-a06f-bd61b0cde15d,3
888b790a-3f06-4da6-a2e5-b8eb4e17ffbd,673,清金降火汤,,QJJHT,IQBOI,1, ,,2008-03-25 02:05:11.000,c6543358-354b-4986-a06f-bd61b0cde15d,3
0313396c-158f-420d-b856-8fbad76dc307,674,蚕矢汤,,CST,GTI,1, ,,2008-03-25 02:05:11.000,c6543358-354b-4986-a06f-bd61b0cde15d,3
3629ff8b-d9e4-4952-983c-da016a550032,675,宣痹汤,,XBT,PUI,1, ,,2008-03-25 02:05:11.000,c6543358-354b-4986-a06f-bd61b0cde15d,3
4a90bdc1-90a4-4999-b3b2-3ed40c89203d,676,小陷胸汤,,XXXT,IBEI,1, ,,2008-03-25 02:05:11.000,c6543358-354b-4986-a06f-bd61b0cde15d,3
6f891fb5-37b4-45ca-afbf-11c8d8d0a721,677,二妙散,,EMS,FVA,1, ,,2008-03-25 02:05:11.000,c6543358-354b-4986-a06f-bd61b0cde15d,3
eadede01-cee3-40fd-8e11-0945cd154de4,678,三妙丸,,SMW,DVV,1, ,,2008-03-25 02:05:11.000,c6543358-354b-4986-a06f-bd61b0cde15d,3
d4961426-84ac-46c6-b5ab-26c43c923f48,679,柴胡陷胸汤,,CHXXT,HDBEI,1, ,,2008-03-25 02:05:11.000,c6543358-354b-4986-a06f-bd61b0cde15d,3
fab238d4-568a-43eb-a4f7-bb4fb5632359,680,四妙丸,,SMW,LVV,1, ,,2008-03-25 02:05:11.000,c6543358-354b-4986-a06f-bd61b0cde15d,3
845d0856-7e6e-4785-93b8-1bff8fc60635,681,五苓散,,WLS,GAA,1, ,,2008-03-25 02:05:11.000,c6543358-354b-4986-a06f-bd61b0cde15d,3
a62b3301-51a2-4ae6-bed7-9ce597948a46,682,四苓散,,SLS,LAA,1, ,,2008-03-25 02:05:11.000,c6543358-354b-4986-a06f-bd61b0cde15d,3
d1727d42-7088-4429-86d7-534aa2cb8459,683,茵陈五苓散,,YCWLS,ABGAA,1, ,,2008-03-25 02:05:11.000,c6543358-354b-4986-a06f-bd61b0cde15d,3
1b598d3f-4fa4-4b28-ae02-f37ddf39127c,684,滚痰丸,,GTW,JUV,1, ,,2008-03-25 02:05:11.000,c6543358-354b-4986-a06f-bd61b0cde15d,3
7dd3b204-a3ca-4ab5-9569-731295e16605,685,胃苓散,,WLS,LAA,1, ,,2008-03-25 02:05:11.000,c6543358-354b-4986-a06f-bd61b0cde15d,3
e697bb17-bc63-4bdc-bdc9-9608b8bb5e7c,687,猪苓汤,,ZLT,QAI,1, ,,2008-03-25 02:05:11.000,c6543358-354b-4986-a06f-bd61b0cde15d,3
f12ab540-481f-4c6a-b882-ea65ef7d6fbc,688,防己黄芪汤,,FJHQT,BNAAI,1, ,,2008-03-25 02:05:11.000,c6543358-354b-4986-a06f-bd61b0cde15d,3
ef576886-b011-4bc8-a89e-f903e9d1c5ff,689,防己茯苓汤,,FJFLT,BNAAI,1, ,,2008-03-25 02:05:11.000,c6543358-354b-4986-a06f-bd61b0cde15d,3
18d8a163-a0fe-4acd-a0a9-cfb500039dea,690,五皮散,,WPS,GHA,1, ,,2008-03-25 02:05:11.000,c6543358-354b-4986-a06f-bd61b0cde15d,3
9097f143-acb1-4414-8a3b-635239e2ac0a,691,苓桂术甘汤,,LGSGT,ASSAI,1, ,,2008-03-25 02:05:11.000,c6543358-354b-4986-a06f-bd61b0cde15d,3
7f7d80cc-1989-4b25-ac4c-c01aac1dc6a3,692,甘草干姜茯苓白术汤,,GCGJFLBST,AAFUAARSI,1, ,,2008-03-25 02:05:11.000,c6543358-354b-4986-a06f-bd61b0cde15d,3
350f1757-f422-48f5-914e-1dff42730003,693,苓甘五味姜辛汤,,LGWWJXT,AAGKUUI,1, ,,2008-03-25 02:05:11.000,c6543358-354b-4986-a06f-bd61b0cde15d,3
bbef058a-df53-4808-9dd4-1906a8367886,694,真武汤,,ZWT,FGI,1, ,,2008-03-25 02:05:11.000,c6543358-354b-4986-a06f-bd61b0cde15d,3
7433c481-5e46-49d2-9de6-862790ab3ac6,695,附子汤,,FZT,BBI,1, ,,2008-03-25 02:05:11.000,c6543358-354b-4986-a06f-bd61b0cde15d,3
3dc96d52-fcd9-4469-be56-2870a9479932,696,冷哮丸,,LXW,UKV,1, ,,2008-03-25 02:05:11.000,c6543358-354b-4986-a06f-bd61b0cde15d,3
2f29d26c-1fd2-401d-8ffe-10ed1143fb4d,697,实脾散,,SPS,PEA,1, ,,2008-03-25 02:05:11.000,c6543358-354b-4986-a06f-bd61b0cde15d,3
44786aee-6faa-45b0-8fac-b76c69929153,698,箄薢分清饮《丹溪心法》,,FQYDXXF,WIQMINI,1, ,,2008-03-25 02:05:11.000,c6543358-354b-4986-a06f-bd61b0cde15d,3
e1b39b40-dc9a-4a20-8510-5a5d18b02a51,699,半夏白术天麻汤,,BXBSTMT,UDRSGYI,1, ,,2008-03-25 02:05:11.000,c6543358-354b-4986-a06f-bd61b0cde15d,3
daed180e-a582-4b39-a85f-528679a4a1d3,700,箄薢分清饮《医学心语>,,FQYYXXY,WIQAINY,1, ,,2008-03-25 02:05:11.000,c6543358-354b-4986-a06f-bd61b0cde15d,3
56d01459-0c30-4a13-b225-2576cc2ce2e2,701,定痫丸,,DXW,PUV,1, ,,2008-03-25 02:05:11.000,c6543358-354b-4986-a06f-bd61b0cde15d,3
bcc6f132-f147-4e15-a663-4dc14a0b5fab,702,完带汤,,WDT,PGI,1, ,,2008-03-25 02:05:11.000,c6543358-354b-4986-a06f-bd61b0cde15d,3
b2d21842-b0e2-46f7-b00b-c0ab5c02d24b,704,钩藤饮,,GTY,QAQ,1, ,,2008-03-25 02:05:11.000,c6543358-354b-4986-a06f-bd61b0cde15d,3
fa4f0f6e-fb76-4410-97b8-ab7f25ac809b,705,镇肝熄风汤,,ZGXFT,QEOMI,1, ,,2008-03-25 02:05:11.000,c6543358-354b-4986-a06f-bd61b0cde15d,3
0c1651cb-e03a-46ff-9d15-a70f815f67c2,706,建瓴汤,,JLT,VWI,1, ,,2008-03-25 02:05:11.000,c6543358-354b-4986-a06f-bd61b0cde15d,3
eeb84357-9111-41bb-b83c-508f5083f791,707,天麻钩藤饮,,TMGTY,GYQAQ,1, ,,2008-03-25 02:05:11.000,c6543358-354b-4986-a06f-bd61b0cde15d,3
65b07554-ae60-413d-ba70-e558b1af8a62,708,保和丸,,BHW,WTV,1, ,,2008-03-25 02:05:11.000,c6543358-354b-4986-a06f-bd61b0cde15d,3
f7121ef4-4d5e-4bc6-b45f-77b19ddcfe15,709,大定风珠,,DDFZ,DPMG,1, ,,2008-03-25 02:05:11.000,c6543358-354b-4986-a06f-bd61b0cde15d,3
457cd63b-63bc-45b0-8d71-5782ee9048f7,710,三甲复脉汤,,SJFMT,DLTEI,1, ,,2008-03-25 02:05:11.000,c6543358-354b-4986-a06f-bd61b0cde15d,3
6553284e-84e6-4596-bd54-0ac100058ede,711,枳实导滞丸,,ZSDZW,SPNIV,1, ,,2008-03-25 02:05:11.000,c6543358-354b-4986-a06f-bd61b0cde15d,3
001da84b-847d-4bed-a025-64050b5094c6,712,阿胶鸡子黄汤,,AJJZHT,BECBAI,1, ,,2008-03-25 02:05:11.000,c6543358-354b-4986-a06f-bd61b0cde15d,3
16d1b8d7-1a81-4b75-83ef-78f88a8fa50a,713,木香槟榔丸,,MXBLW,STSSV,1, ,,2008-03-25 02:05:11.000,c6543358-354b-4986-a06f-bd61b0cde15d,3
eb112132-5b71-41d6-9b17-01a69b484200,714,乌梅丸,,WMW,QSV,1, ,,2008-03-25 02:05:11.000,c6543358-354b-4986-a06f-bd61b0cde15d,3
faeb43b9-e862-42a1-86d3-e8298008eb5c,715,健脾丸,,JPW,WEV,1, ,,2008-03-25 02:05:11.000,c6543358-354b-4986-a06f-bd61b0cde15d,3
6d352521-3868-43af-96e2-21b28e36542b,716,理中安蛔汤,,LZAHT,GKPJI,1, ,,2008-03-25 02:05:11.000,c6543358-354b-4986-a06f-bd61b0cde15d,3
4a779396-c95d-4204-bd62-9913cdfc945f,717,连梅安蛔汤,,LMAHT,LSPJI,1, ,,2008-03-25 02:05:11.000,c6543358-354b-4986-a06f-bd61b0cde15d,3
155ff64b-06cd-48ce-ac4e-fe9f76ea2554,718,肥儿丸,,FEW,EQV,1, ,,2008-03-25 02:05:11.000,c6543358-354b-4986-a06f-bd61b0cde15d,3
928a8023-f0c6-4358-97e5-7d6e1e105712,719,化虫丸,,HCW,WJV,1, ,,2008-03-25 02:05:11.000,c6543358-354b-4986-a06f-bd61b0cde15d,3
81c25ed9-1d76-438e-a694-2d130f1191c2,720,布袋丸,,BDW,DWV,1, ,,2008-03-25 02:05:11.000,c6543358-354b-4986-a06f-bd61b0cde15d,3
96d8b6ad-0237-4960-a768-0eefd872ae9e,721,瓜蒂散,,GDS,RAA,1, ,,2008-03-25 02:05:11.000,c6543358-354b-4986-a06f-bd61b0cde15d,3
8968547d-1811-4461-86b0-e7be97ab5467,722,三圣散,,SSS,DCA,1, ,,2008-03-25 02:05:11.000,c6543358-354b-4986-a06f-bd61b0cde15d,3
03fe8844-6aa5-40e9-abef-e4e0beef83b5,zyp001,解毒扶正方合甘露消毒丹加减,乙肝,,,0,868ee43d-9114-44ff-a87c-b6beb55a20d6,,2008-05-31 23:56:19.000,8c320c62-0dc5-4c86-a160-cc634a5e1b7f,0
5e76244b-3689-407c-ad78-fa60fe66c192,zyp002,解毒扶正方合犀角地黄汤加减,乙肝,,,0,868ee43d-9114-44ff-a87c-b6beb55a20d6,,2008-05-31 23:57:44.000,8c320c62-0dc5-4c86-a160-cc634a5e1b7f,0
92dd7d7f-b2d8-4c33-87bc-cf3068ac299e,zyp003,解毒扶正方合逍遥散加减,乙肝,,,0,868ee43d-9114-44ff-a87c-b6beb55a20d6,,2008-05-31 23:59:09.000,8c320c62-0dc5-4c86-a160-cc634a5e1b7f,0
3df1a404-4461-4c67-91c4-55ee80cafbe4,szy001,清热解毒方加减,乙肝,yg,,0,f1e4f277-b1cf-4c92-aa85-8d317be62529,,2008-06-01 21:28:21.000,294ea212-c116-4e42-b4fb-53c8e429123a,0
05d67020-b274-4e17-aa08-de266745f8a8,xx001,玉屏风散合止嗽散加减,治疗咳嗽,,,0,a2884c9d-9946-4415-a784-1f07c4248835,,2008-06-02 15:28:00.000,e12b2b6a-ee2f-4754-99a4-1aab7c7df17e,1
8e734c8a-78b5-47b8-b3fa-d0626798e5f2,cxs001,四物调冲汤,无,,,0,e579aea1-3895-49d4-a706-f47d6952da79,,2008-06-02 15:30:49.000,a620a093-50d5-4ce9-9f15-59be36570d22,0
2260127a-516a-4ca4-b021-6f311c8c5fde,hjg003,平喘定哮1方,无,,,0,cad88fd2-8757-43c2-b91f-0cab72c5fccf,,2008-06-02 23:33:04.000,b7d5a22b-4519-43db-92c0-bbeb86040f51,0
972bdb35-0741-4319-be7e-2cee2c63d30e,hjg004,平喘定哮2方,无,,,0,cad88fd2-8757-43c2-b91f-0cab72c5fccf,,2008-06-03 10:10:19.000,b7d5a22b-4519-43db-92c0-bbeb86040f51,0
94c40a8b-64f7-4bd9-b997-cb1eb342f052,hjg005,平喘定哮3方,无,,,0,cad88fd2-8757-43c2-b91f-0cab72c5fccf,,2008-06-03 10:11:52.000,b7d5a22b-4519-43db-92c0-bbeb86040f51,0
49d78c66-23f3-48be-a70a-4925d94c2ba5,hjg006,阴虚痰饮2方,无,,,0,cad88fd2-8757-43c2-b91f-0cab72c5fccf,,2008-06-03 10:17:29.000,b7d5a22b-4519-43db-92c0-bbeb86040f51,0
607527d4-f8ed-4fb0-be69-fd0a6dba6766,scr008,小青龙汤,无,,,0,e3093b46-848d-4cfd-b2d7-1116c5c4fc74,别名：止嗽散,2008-06-03 14:02:55.000,75b7eb34-ac67-4496-82bd-18b3edb176b7,0
882da38b-2bd0-4a3d-bf64-78a152cebb3b,scr009,桑菊饮加减,无,,,0,e3093b46-848d-4cfd-b2d7-1116c5c4fc74,,2008-06-03 14:07:45.000,75b7eb34-ac67-4496-82bd-18b3edb176b7,0
7b80fc6c-76a8-4862-a3d4-56ea2cf316e8,scr010,二陈汤、三子养亲汤加减,无,,,0,e3093b46-848d-4cfd-b2d7-1116c5c4fc74,,2008-06-03 14:11:42.000,75b7eb34-ac67-4496-82bd-18b3edb176b7,0
73c6d407-f704-46c9-8b26-4cf6d8992c96,scr011,清肺化痰汤,无,,,0,e3093b46-848d-4cfd-b2d7-1116c5c4fc74,别名：柴胡清肺饮（经验方）加减或合三草片（经验方）,2008-06-03 14:59:41.000,75b7eb34-ac67-4496-82bd-18b3edb176b7,0
8e5cdbbb-bf38-4688-b79b-5456f397f093,xx002,脑心康合剂,治疗中风、痴呆、心悸、胸痹,xnk,,0,a2884c9d-9946-4415-a784-1f07c4248835,,2008-06-03 15:07:12.000,e12b2b6a-ee2f-4754-99a4-1aab7c7df17e,1
0d6353be-6b4d-4cd1-b85b-0fd3ebb86776,scr012,真武汤合五苓散加减,无,,,0,e3093b46-848d-4cfd-b2d7-1116c5c4fc74,,2008-06-03 15:08:29.000,75b7eb34-ac67-4496-82bd-18b3edb176b7,0
45137f7d-272f-4208-9755-b004c3647d6e,scr013,玉屏风散、四君子汤合三拗汤加减,无,,,0,e3093b46-848d-4cfd-b2d7-1116c5c4fc74,,2008-06-03 15:12:12.000,75b7eb34-ac67-4496-82bd-18b3edb176b7,0
7a4fadce-0012-4979-94f6-735fd0f52db8,scr014,香砂六君子汤加减,无,,,0,e3093b46-848d-4cfd-b2d7-1116c5c4fc74,,2008-06-03 15:15:41.000,75b7eb34-ac67-4496-82bd-18b3edb176b7,0
201ae62a-9c8e-4d51-ab2c-de847d905ca3,shq001,圣愈汤合身痛逐瘀汤加减,无,,,0,7eb3964c-9143-48a9-a450-a40d6b8d80b1,,2008-06-03 15:56:51.000,bc657cb8-551a-49f4-b6ef-7c4ac80aaf20,0
34242bd8-ef57-4930-9973-17fe7c97e99e,cf001,《急性期》儿童哮喘方,治疗儿童哮喘,,,0,24bff094-fe02-4f6d-b8b1-e3bc636c3cc4,,2008-06-03 16:04:25.000,46e3d3e3-c822-4047-91db-b0cf580e2734,0
16cc7ff7-3c08-4e6e-8468-3a5ee418aecb,shq002,会厌逐瘀汤加减,无,,,0,7eb3964c-9143-48a9-a450-a40d6b8d80b1,,2008-06-03 16:10:25.000,bc657cb8-551a-49f4-b6ef-7c4ac80aaf20,0
c8f96b52-8eba-4af9-85c5-af37a8b57b01,cf002,《缓解期》小儿哮喘调理方,调理小儿哮喘,,,0,24bff094-fe02-4f6d-b8b1-e3bc636c3cc4,,2008-06-03 16:11:44.000,46e3d3e3-c822-4047-91db-b0cf580e2734,0
e6029bc5-61eb-4ec5-849c-c89c6a0b1fec,hjg001,治咳1方,无,,,0,cad88fd2-8757-43c2-b91f-0cab72c5fccf,,2008-06-02 15:55:53.000,b7d5a22b-4519-43db-92c0-bbeb86040f51,0
40406cd5-e65b-4bbf-9c75-1e3b9ec73a13,hjg002,治咳2方,无,,,0,cad88fd2-8757-43c2-b91f-0cab72c5fccf,,2008-06-02 15:58:40.000,b7d5a22b-4519-43db-92c0-bbeb86040f51,0
6361a305-20b5-40d3-85ed-b33832d4ea03,wqc001,柴胡龙牡合欢汤加减,失眠症,,,0,933d3950-1ca8-4824-b0eb-fe0f0921c4b4,,2008-06-02 18:16:15.000,97161db1-87f6-403e-8c66-a40946e6f115,0
868b78a7-31bd-481d-acec-57ecac330b75,scr001,射干麻黄汤,哮喘,,,0,e3093b46-848d-4cfd-b2d7-1116c5c4fc74,别名：川芎平喘合剂,2008-06-02 22:31:13.000,75b7eb34-ac67-4496-82bd-18b3edb176b7,1
4411151a-66e6-4cd5-90b3-b68b5864971e,scr002,定喘汤,无,,,0,e3093b46-848d-4cfd-b2d7-1116c5c4fc74,别名：合麦门冬汤、三草片,2008-06-02 22:31:29.000,75b7eb34-ac67-4496-82bd-18b3edb176b7,0
0c946708-f53c-42ff-8f3f-7837a6b15b89,scr003,三子养亲汤加二陈汤,无,,,0,e3093b46-848d-4cfd-b2d7-1116c5c4fc74,,2008-06-02 22:33:05.000,75b7eb34-ac67-4496-82bd-18b3edb176b7,0
aca8b61b-43fb-49d2-b860-33bc2ee8d81e,scr004,麻杏石甘汤,无,,,0,e3093b46-848d-4cfd-b2d7-1116c5c4fc74,,2008-06-02 22:33:11.000,75b7eb34-ac67-4496-82bd-18b3edb176b7,0
f87ba5ae-754b-4275-90ca-4ee4cf28b950,scr005,玉屏风散加减,无,,,0,e3093b46-848d-4cfd-b2d7-1116c5c4fc74,,2008-06-02 22:33:20.000,75b7eb34-ac67-4496-82bd-18b3edb176b7,0
84fe47da-cdbd-4790-84cc-ba97306db279,scr006,六君子汤加减,无,,,0,e3093b46-848d-4cfd-b2d7-1116c5c4fc74,,2008-06-02 22:33:26.000,75b7eb34-ac67-4496-82bd-18b3edb176b7,0
219549eb-b90e-4be3-94aa-47c0009383f6,scr007,七味都气丸合参蛤散、补肾纳气方,无,,,0,e3093b46-848d-4cfd-b2d7-1116c5c4fc74,,2008-06-02 22:33:32.000,75b7eb34-ac67-4496-82bd-18b3edb176b7,0
d84eebfe-67fa-4390-bc23-ccba9329437d,scr015,三桑补肾汤,无,,,0,e3093b46-848d-4cfd-b2d7-1116c5c4fc74,别名：六味地黄丸合补肾纳气方,2008-06-03 15:26:06.000,75b7eb34-ac67-4496-82bd-18b3edb176b7,0
b8beb9ae-5da1-4e5e-9a93-ebccfb2e058d,ldm001,自创小叶增生方加减,无,,,0,d91e5826-1cc0-4ceb-9dba-8e1a086f2a69,二仙汤、柴胡疏肝散、血府逐瘀汤合逍遥蒌贝散,2008-06-03 19:06:34.000,48b0a4a4-c9a3-4527-9000-b4ddb162e4b8,0
1f98e014-02b0-4c3e-a230-926d3ecd6034,ldm002,自创乳癌术后方加减,无,,,0,d91e5826-1cc0-4ceb-9dba-8e1a086f2a69,柴胡疏肝散、二仙汤、血府逐瘀汤合逍遥蒌贝散、香砂养胃汤,2008-06-03 19:20:39.000,48b0a4a4-c9a3-4527-9000-b4ddb162e4b8,0
ad4f967e-3a45-4617-8508-176b280e2954,hjg007,健脾化痰方,无,,,0,cad88fd2-8757-43c2-b91f-0cab72c5fccf,,2008-10-06 15:09:29.647,b7d5a22b-4519-43db-92c0-bbeb86040f51,0
58757d9b-d525-4992-bb0d-d15cd214ef4a,wqc002,基本方,治疗失眠,,,0,933d3950-1ca8-4824-b0eb-fe0f0921c4b4,,2008-07-14 16:04:12.000,97161db1-87f6-403e-8c66-a40946e6f115,0
4af2bd88-e349-4281-9ad3-7c4106999b0a,hjg008,固表化痰方,无,,,0,cad88fd2-8757-43c2-b91f-0cab72c5fccf,,2008-10-06 15:13:17.867,b7d5a22b-4519-43db-92c0-bbeb86040f51,0
edc0781e-3221-4e29-be76-0e5744c81b3f,hjg009,排浊痰方,无,,,0,cad88fd2-8757-43c2-b91f-0cab72c5fccf,,2008-10-06 15:20:06.350,b7d5a22b-4519-43db-92c0-bbeb86040f51,0
25b56eb9-caf1-4a09-b6f4-a6eeebae389f,hjg010,和解清化方,无,,,0,cad88fd2-8757-43c2-b91f-0cab72c5fccf,,2008-10-06 15:22:29.007,b7d5a22b-4519-43db-92c0-bbeb86040f51,0
20a4e893-973f-4d51-ac94-e38b115d27db,hjg011,健脾养胃方,无,,,0,cad88fd2-8757-43c2-b91f-0cab72c5fccf,,2008-10-06 15:28:46.897,b7d5a22b-4519-43db-92c0-bbeb86040f51,0
7eb5ac13-950d-4e23-a33d-7bbf00fcf3b9,hjg012,脘腹痛3方,无,,,0,cad88fd2-8757-43c2-b91f-0cab72c5fccf,,2008-10-06 15:33:35.380,b7d5a22b-4519-43db-92c0-bbeb86040f51,0
64e2703d-aad3-48d7-9e50-9d3465748aad,cf003,急咳方,治疗急咳实证,,,0,24bff094-fe02-4f6d-b8b1-e3bc636c3cc4,,2008-10-13 10:37:59.643,46e3d3e3-c822-4047-91db-b0cf580e2734,0
c485deac-d669-4bb8-b2bb-b877a9cfd8e4,cf004,久咳方,治疗小儿久咳虚证,,,0,24bff094-fe02-4f6d-b8b1-e3bc636c3cc4,,2008-10-13 10:39:07.067,46e3d3e3-c822-4047-91db-b0cf580e2734,0
790ba02d-6e5f-410c-b5da-22e030dd81b2,hjg013,仙灵2方,无,,,0,cad88fd2-8757-43c2-b91f-0cab72c5fccf,,2008-10-21 19:38:28.853,b7d5a22b-4519-43db-92c0-bbeb86040f51,0
f70cb1af-1170-47f5-8f9d-00446f5d2606,zyp004,解毒扶正方,乙型病毒性肝炎,,,0,868ee43d-9114-44ff-a87c-b6beb55a20d6,"清解疫毒,扶正祛邪",2008-12-12 15:05:01.437,8c320c62-0dc5-4c86-a160-cc634a5e1b7f,2
178c9b50-e75a-483a-835a-da7e5c686cb7,zyp005,降脂理肝汤,"脂肪肝,高脂血症",,,0,868ee43d-9114-44ff-a87c-b6beb55a20d6,"化痰活血,降脂理肝",2008-12-12 15:07:11.030,8c320c62-0dc5-4c86-a160-cc634a5e1b7f,2
4a5ca5a9-5229-4284-93bc-22b296ece892,ldm003,乳癌术后方加减,益气养阴，调摄冲任,,,0,d91e5826-1cc0-4ceb-9dba-8e1a086f2a69,,2008-12-14 13:18:16.687,48b0a4a4-c9a3-4527-9000-b4ddb162e4b8,0
7f4704fb-6506-4df7-87e4-53f1bdaf9d4a,ldm004,小叶增生方加减,无,,,0,d91e5826-1cc0-4ceb-9dba-8e1a086f2a69,,2008-12-14 13:23:18.627,48b0a4a4-c9a3-4527-9000-b4ddb162e4b8,0
ffb31322-1594-4454-9717-30df73822a96,xx003,地参祛风合剂,治疗变态反应性疾病,dsqfhj,,0,a2884c9d-9946-4415-a784-1f07c4248835,,2009-01-03 12:56:28.153,e12b2b6a-ee2f-4754-99a4-1aab7c7df17e,1
47caeecc-e4a2-425a-b31e-6e67f26ddaeb,shq003,咽痹方,咽痹,,,0,7eb3964c-9143-48a9-a450-a40d6b8d80b1,,2009-01-22 18:06:51.287,bc657cb8-551a-49f4-b6ef-7c4ac80aaf20,0
eac29a0e-b414-4eb5-b1c9-aef56f92de04,shq004,颈痹方,颈痹,,,0,7eb3964c-9143-48a9-a450-a40d6b8d80b1,,2009-01-22 18:35:51.253,bc657cb8-551a-49f4-b6ef-7c4ac80aaf20,0
9979bacf-f52d-467b-a194-d6c167e47791,shq005,筋痹方,筋痹,,,0,7eb3964c-9143-48a9-a450-a40d6b8d80b1,,2009-01-22 18:43:12.097,bc657cb8-551a-49f4-b6ef-7c4ac80aaf20,0
fb7aaea8-52cd-466f-a748-4edb2c6bcc91,shq006,脉痹方,脉痹,,,0,7eb3964c-9143-48a9-a450-a40d6b8d80b1,,2009-01-22 18:52:07.397,bc657cb8-551a-49f4-b6ef-7c4ac80aaf20,0
622bc16b-d040-4656-aaed-c6b857ef8917,shq007,痉痹方,痉痹,,,0,7eb3964c-9143-48a9-a450-a40d6b8d80b1,,2009-01-22 19:00:01.160,bc657cb8-551a-49f4-b6ef-7c4ac80aaf20,0
e8249ce3-cf98-4da4-9c53-d5b2350a1c24,shq008,痿痹方,痿痹,,,0,7eb3964c-9143-48a9-a450-a40d6b8d80b1,,2009-01-22 19:05:47.660,bc657cb8-551a-49f4-b6ef-7c4ac80aaf20,0
6b21e909-f350-4adb-8ebe-d5a2141bc378,shq009,调心通痹方,调心通痹,,,0,7eb3964c-9143-48a9-a450-a40d6b8d80b1,,2009-01-22 19:10:48.287,bc657cb8-551a-49f4-b6ef-7c4ac80aaf20,0
400e549e-8d0a-42a0-bc74-c9f5d1fc0c41,xx004,玉屏风散,益气固表,,,0,a2884c9d-9946-4415-a784-1f07c4248835,,2009-01-29 22:41:38.717,e12b2b6a-ee2f-4754-99a4-1aab7c7df17e,1
805bf829-cce5-4501-8506-d4318e6ab10c,xx005,桂枝汤,调和营卫,,,0,a2884c9d-9946-4415-a784-1f07c4248835,,2009-01-29 22:42:31.590,e12b2b6a-ee2f-4754-99a4-1aab7c7df17e,1
b4be3977-9e88-442d-b333-f7f4b5ec7c57,sym003,补中益气方加减,补中益气，升提下陷,,,0,24bff094-fe02-4f6d-b8b1-e3bc636c3cc4,,2009-03-15 16:20:14.070,46e3d3e3-c822-4047-91db-b0cf580e2734,0
4a32835d-ad8d-46a2-8f3f-86f8d270a248,sym004,清热凉血方,清热解毒，凉血滋阴,,,0,24bff094-fe02-4f6d-b8b1-e3bc636c3cc4,,2009-03-15 16:49:25.133,46e3d3e3-c822-4047-91db-b0cf580e2734,0
73a38040-7824-463f-a1d5-10cedbb6ffd1,xx006,玉屏风合祛风合剂,养血祛风，益气固表,ypfds,,0,a2884c9d-9946-4415-a784-1f07c4248835,,2009-03-21 13:24:34.093,e12b2b6a-ee2f-4754-99a4-1aab7c7df17e,1
b2adb24f-51f4-43de-80ac-f93cf30fc32b,xx007,生脉散,心悸、胸痹、汗证,sms,,0,a2884c9d-9946-4415-a784-1f07c4248835,,2009-11-15 20:28:36.563,e12b2b6a-ee2f-4754-99a4-1aab7c7df17e,1
e07406c8-2331-4f0b-8e9e-5ec258e7c895,xx008,二仙汤,补肾调和阴阳,ext,,0,a2884c9d-9946-4415-a784-1f07c4248835,,2009-11-15 20:30:33.703,e12b2b6a-ee2f-4754-99a4-1aab7c7df17e,1
6da57e76-e267-4a12-b346-66bce95cdba9,hjg014,地黄2方,无,,,0,cad88fd2-8757-43c2-b91f-0cab72c5fccf,,2008-10-21 19:46:10.273,b7d5a22b-4519-43db-92c0-bbeb86040f51,0
5e1de794-8469-4b27-bffc-da5b1e8c11de,hjg015,化痰2方,无,,,0,cad88fd2-8757-43c2-b91f-0cab72c5fccf,,2008-10-22 15:23:10.523,b7d5a22b-4519-43db-92c0-bbeb86040f51,0
15641508-9f4a-48eb-ab58-ab4c93166704,hjg016,降热浊方,无,,,0,cad88fd2-8757-43c2-b91f-0cab72c5fccf,,2008-10-22 15:27:55.163,b7d5a22b-4519-43db-92c0-bbeb86040f51,0
c3fb5bf7-342d-4729-8cf2-1ea3639b8602,hjg017,感冒2方,无,,,0,cad88fd2-8757-43c2-b91f-0cab72c5fccf,,2008-10-22 15:33:05.867,b7d5a22b-4519-43db-92c0-bbeb86040f51,0
f55b5e04-77ba-47c1-b0f6-10d6188216a1,hjg018,健脾益肾方,无,,,0,cad88fd2-8757-43c2-b91f-0cab72c5fccf,,2008-10-22 15:38:10.633,b7d5a22b-4519-43db-92c0-bbeb86040f51,0
ee6d97a7-ab63-4a56-9fc7-961bf53a485d,hjg019,加减夏朴汤,无,,,0,cad88fd2-8757-43c2-b91f-0cab72c5fccf,,2008-10-22 15:42:40.070,b7d5a22b-4519-43db-92c0-bbeb86040f51,0
a654d3f3-dd71-47cd-a93e-7cb2283cb64e,hjg020,加味理中汤,无,,,0,cad88fd2-8757-43c2-b91f-0cab72c5fccf,,2008-10-22 15:45:28.257,b7d5a22b-4519-43db-92c0-bbeb86040f51,0
401a08db-9274-44a5-a511-decedf12241f,shq010,调身通痹方,调身通痹,,,0,7eb3964c-9143-48a9-a450-a40d6b8d80b1,,2009-01-22 19:14:16.583,bc657cb8-551a-49f4-b6ef-7c4ac80aaf20,0
7a0ed24e-d049-475a-bf16-7877d63ba6da,wqc003,益肾方,平肝益肾,,,0,933d3950-1ca8-4824-b0eb-fe0f0921c4b4,,2009-02-09 20:57:31.017,97161db1-87f6-403e-8c66-a40946e6f115,0
c804a55c-1dcd-426e-af21-1fb2b6abf79c,wqc004,甘麦大枣汤合平肝安神汤,解郁平肝安神,,,0,933d3950-1ca8-4824-b0eb-fe0f0921c4b4,,2009-02-09 22:37:42.203,97161db1-87f6-403e-8c66-a40946e6f115,0
d8c02fbc-8ead-4fbe-b9a7-9317f8988151,sym002,厌食方1,湿热,,,0,24bff094-fe02-4f6d-b8b1-e3bc636c3cc4,,2009-03-06 21:15:01.877,46e3d3e3-c822-4047-91db-b0cf580e2734,0
c47b0f8c-d9b0-4e32-9356-affe652dad7e,sym005,健脾化湿方,健脾化湿，消食开胃,,,0,24bff094-fe02-4f6d-b8b1-e3bc636c3cc4,,2009-03-15 17:48:00.290,46e3d3e3-c822-4047-91db-b0cf580e2734,0
5b3b4537-f6b6-4973-8134-4de726cb4686,sym006,温中健脾方,健脾温中,,,0,24bff094-fe02-4f6d-b8b1-e3bc636c3cc4,,2009-03-15 22:12:40.493,46e3d3e3-c822-4047-91db-b0cf580e2734,0
0b0b1176-d6e5-4dbb-9d65-13eb2923e1d8,xx009,心疾自拟方,心脏疾患,xjznf,,0,a2884c9d-9946-4415-a784-1f07c4248835,,2009-11-15 23:37:04.593,e12b2b6a-ee2f-4754-99a4-1aab7c7df17e,1
8e91c7f9-31d1-4841-943c-3605158e159b,xx010,脑病自拟方,益气活血、升清利窍,nbznf,,0,a2884c9d-9946-4415-a784-1f07c4248835,,2009-11-22 22:51:58.827,e12b2b6a-ee2f-4754-99a4-1aab7c7df17e,1
04a57b18-6c7e-404c-a2e7-ae9046e616d4,clx001,四君子,补气,,,0,eec015e3-fecc-425c-9702-68291fead9b5,,2009-12-07 19:13:35.017,26fd0ae7-13a0-4fca-8579-dd53c5e735b7,0
d1940e36-d11c-4bd1-affe-24765f606a3c,clx002,四物,养血,,,0,eec015e3-fecc-425c-9702-68291fead9b5,,2009-12-07 19:17:56.813,26fd0ae7-13a0-4fca-8579-dd53c5e735b7,0
bf6a62f2-bafb-4468-b42c-c9c27b7a33a7,scr016,柴胡清肺饮,平肝清肺止咳,CHQFY,,0,e3093b46-848d-4cfd-b2d7-1116c5c4fc74,,2009-12-20 15:37:56.550,8a3b5ff6-bfa8-4c52-af8a-c3e5d6f1689d,0
b95b20dc-d435-4096-a8ae-83fd8694027a,scr017,三草片,清肺泻热，消结排脓,SCP,,0,e3093b46-848d-4cfd-b2d7-1116c5c4fc74,,2009-12-20 15:40:53.740,8a3b5ff6-bfa8-4c52-af8a-c3e5d6f1689d,0
5bc1bfa9-a5d8-4982-87da-492d34e6778c,scr018,雪花片,清肺止血，平肝退热,XHP,,0,e3093b46-848d-4cfd-b2d7-1116c5c4fc74,,2009-12-20 15:42:39.347,8a3b5ff6-bfa8-4c52-af8a-c3e5d6f1689d,0
13afcb6f-2410-4e0f-89da-4e3c7bfdb540,scr019,通窍汤,祛风解表，清肺通窍,TQT,,0,e3093b46-848d-4cfd-b2d7-1116c5c4fc74,,2009-12-20 15:45:15.050,8a3b5ff6-bfa8-4c52-af8a-c3e5d6f1689d,0
8b7f7e97-b7bc-4fae-b5c0-1f7eaef04119,scr020,三海汤,软坚消结，清肺化痰,SHT,,0,e3093b46-848d-4cfd-b2d7-1116c5c4fc74,,2009-12-20 15:47:32.787,8a3b5ff6-bfa8-4c52-af8a-c3e5d6f1689d,0
4a9ba014-fbdc-48ab-b1dd-9fa3ec370671,scr021,敛痰汤,温肺敛痰,LTT,,0,e3093b46-848d-4cfd-b2d7-1116c5c4fc74,,2009-12-20 15:49:17.333,8a3b5ff6-bfa8-4c52-af8a-c3e5d6f1689d,0
be1c2380-d779-4093-ba0b-2faa24c92a18,scr022,开窍汤,解痉平喘，化痰开窍,KQT,,0,e3093b46-848d-4cfd-b2d7-1116c5c4fc74,,2009-12-20 15:52:59.957,8a3b5ff6-bfa8-4c52-af8a-c3e5d6f1689d,0
3b57f381-911e-4afe-a985-4ebd0522325e,scr023,三桑肾气汤,平肝益肾，宽胸化痰，宣肺利水,SSSQT,,0,e3093b46-848d-4cfd-b2d7-1116c5c4fc74,,2009-12-20 15:58:46.287,8a3b5ff6-bfa8-4c52-af8a-c3e5d6f1689d,0
6f71d702-3190-4a04-aa43-2da49afc3847,scr026,温阳化饮汤,温肾纳气，温肺健脾，化痰利水,WYHTT,,0,e3093b46-848d-4cfd-b2d7-1116c5c4fc74,,2009-12-20 16:25:17.677,8a3b5ff6-bfa8-4c52-af8a-c3e5d6f1689d,0
230c2c0c-571c-46de-8d07-c4fbf63025ad,scr027,化痰平咳汤,燥湿健脾，化痰平咳,HTPKT,,0,e3093b46-848d-4cfd-b2d7-1116c5c4fc74,,2009-12-20 16:27:41.567,8a3b5ff6-bfa8-4c52-af8a-c3e5d6f1689d,0
8c85198d-f972-420b-8cd8-d28c1f1aeb0d,scr028,镇平片,定喘止咳,ZPP,,0,e3093b46-848d-4cfd-b2d7-1116c5c4fc74,,2009-12-20 16:29:49.490,8a3b5ff6-bfa8-4c52-af8a-c3e5d6f1689d,0
f3055cb3-f046-406c-9605-ecd63ffbb196,scr029,八宝养肺汤,养阴清肺,BBYFT,,0,e3093b46-848d-4cfd-b2d7-1116c5c4fc74,,2009-12-20 16:32:25.333,8a3b5ff6-bfa8-4c52-af8a-c3e5d6f1689d,0
893321cc-4dd8-435f-b728-3f31835d8a86,scr030,芩部丹,清泻肺火，活血化瘀,QBD,,0,e3093b46-848d-4cfd-b2d7-1116c5c4fc74,,2009-12-20 16:34:09.520,8a3b5ff6-bfa8-4c52-af8a-c3e5d6f1689d,0
887b0f31-964c-40df-a256-dc84cbfbc1ce,scr031,清肺败毒饮,"清肺解毒,祛风解表,散寒除湿",QFBDY,,0,e3093b46-848d-4cfd-b2d7-1116c5c4fc74,,2009-12-20 16:37:07.583,8a3b5ff6-bfa8-4c52-af8a-c3e5d6f1689d,0
b9f2d07b-1cf4-40bd-bd94-a7098d00c109,scr032,三参养肺汤,"养阴清肺,止咳化痰",SSYFT,,0,e3093b46-848d-4cfd-b2d7-1116c5c4fc74,,2009-12-20 16:39:47.003,8a3b5ff6-bfa8-4c52-af8a-c3e5d6f1689d,0
386ea902-49c1-4103-96fa-8ccd20842e2a,scr033,鹿含芩连汤,清肺解毒,LHQLT,,0,e3093b46-848d-4cfd-b2d7-1116c5c4fc74,,2009-12-20 16:41:19.300,8a3b5ff6-bfa8-4c52-af8a-c3e5d6f1689d,0
ebd29959-e865-435e-8579-567e873642bb,clx003,卵泡方,促卵泡,,,0,eec015e3-fecc-425c-9702-68291fead9b5,,2010-02-21 20:47:20.740,350d3f3b-888e-43de-bba2-8fc6c1898782,1
9a875f1d-8d1b-4006-b962-bcc7c1fc9d77,clx004,黄体方,健黄体,,,0,eec015e3-fecc-425c-9702-68291fead9b5,,2010-02-21 21:01:45.320,350d3f3b-888e-43de-bba2-8fc6c1898782,1
21e2bc8e-1687-42db-b29d-a52e41e467e0,clx005,消炎方,消炎,,,0,eec015e3-fecc-425c-9702-68291fead9b5,,2010-02-24 19:59:58.187,350d3f3b-888e-43de-bba2-8fc6c1898782,0
9618c7f5-0a60-4901-af2a-bad6db41e1bb,sym015,犀角地黄汤,清热凉血止血,,,0,24bff094-fe02-4f6d-b8b1-e3bc636c3cc4,,2010-03-09 09:17:15.597,46e3d3e3-c822-4047-91db-b0cf580e2734,0
d2a50e6d-87fb-46f7-8f94-7f3b2071e7ce,sq003,圣愈汤合独活寄生汤,痹症,,,0,7eb3964c-9143-48a9-a450-a40d6b8d80b1,,2010-03-26 23:25:45.970,aebd52a0-9a7d-4837-a8c7-01860a89724e,0
33c11b21-9164-47ad-9c27-24947849bc39,sq002,圣愈汤,益气活血,,,0,7eb3964c-9143-48a9-a450-a40d6b8d80b1,,2010-03-26 22:01:52.407,aebd52a0-9a7d-4837-a8c7-01860a89724e,0
71995b33-f4c8-4e39-a83c-ab238b2ae9b3,sq006,圣愈汤合归脾汤合越鞠丸加减,痹症,,,0,7eb3964c-9143-48a9-a450-a40d6b8d80b1,,2010-03-27 21:25:06.500,c6102cbf-9d58-4a62-adfa-7e056127b988,0
5c07986c-6c4f-4d6a-873f-a39e4106d506,sq008,圣愈汤合复元活血汤,痹症,,,0,7eb3964c-9143-48a9-a450-a40d6b8d80b1,,2010-04-03 22:41:29.133,c6102cbf-9d58-4a62-adfa-7e056127b988,0
8f703880-7d2e-4c6a-8396-7c8d3152a0d8,shq011,热痹方,热痹,,,0,7eb3964c-9143-48a9-a450-a40d6b8d80b1,,2009-01-22 19:20:49.083,bc657cb8-551a-49f4-b6ef-7c4ac80aaf20,0
394fa739-c494-432c-a433-f8bfe67b6037,shq012,寒痹方,寒痹,,,0,7eb3964c-9143-48a9-a450-a40d6b8d80b1,,2009-01-22 19:23:03.317,bc657cb8-551a-49f4-b6ef-7c4ac80aaf20,0
70fe4278-73ee-4889-8d81-4020eab66ee5,shq013,胸痹方,胸痹,,,0,7eb3964c-9143-48a9-a450-a40d6b8d80b1,,2009-01-22 19:50:51.800,bc657cb8-551a-49f4-b6ef-7c4ac80aaf20,0
307dcc7c-1e47-42e2-a2e5-0be7b5d41a74,sym001,气虚盗汗方,盗汗,,,0,24bff094-fe02-4f6d-b8b1-e3bc636c3cc4,,2009-03-06 20:46:32.483,46e3d3e3-c822-4047-91db-b0cf580e2734,0
4750837b-2bc1-4026-a18f-21e19c5c4bbc,sym009,利咽方,清热解毒，滋阴润喉,LYF,,0,24bff094-fe02-4f6d-b8b1-e3bc636c3cc4,,2010-02-26 16:20:54.907,46e3d3e3-c822-4047-91db-b0cf580e2734,0
c93c0b87-14ed-4f3a-acc2-2eb2eab676a3,sym010,肾病2号方,清热活血利湿,,,0,24bff094-fe02-4f6d-b8b1-e3bc636c3cc4,,2010-03-02 12:41:42.317,46e3d3e3-c822-4047-91db-b0cf580e2734,0
5a518fda-e185-4f51-822b-75496672b152,sq007,益气和营加十枣汤加减,痹症,,,0,7eb3964c-9143-48a9-a450-a40d6b8d80b1,,2010-03-28 11:23:15.127,c6102cbf-9d58-4a62-adfa-7e056127b988,0
3854f5e0-f0bc-487c-99b7-29d8a00dba3f,sq009,圣愈汤合大小陷胸汤,bz,,,0,7eb3964c-9143-48a9-a450-a40d6b8d80b1,,2010-04-03 22:42:43.290,c6102cbf-9d58-4a62-adfa-7e056127b988,0
48d6c779-c84f-4034-bdd4-e572e1b910e3,sq010,圣愈汤合阳和汤加减,痹症,,,0,7eb3964c-9143-48a9-a450-a40d6b8d80b1,,2010-04-03 23:33:24.570,c6102cbf-9d58-4a62-adfa-7e056127b988,0
4f3dc0c0-656d-4c56-8d58-d9ef5b026a8f,723,理论,解决,,,1,,,2011-11-07 19:54:33.360,c6543358-354b-4986-a06f-bd61b0cde15d,0
99ce6a3e-4ea8-4476-b207-ea5d10a81da3,lws001,肺癌,以毒攻毒,,,0,4e751b87-7146-4fa0-b952-ceac72d4f77d,,2012-03-29 15:01:01.813,55071274-1041-4d83-99b8-757d14beaac6,0
43f20029-057d-4a5f-8ac0-2d273fc65459,lws002,中成药,以毒攻毒,zcy,,0,4e751b87-7146-4fa0-b952-ceac72d4f77d,,2012-03-29 15:11:07.280,55071274-1041-4d83-99b8-757d14beaac6,0
e77973f4-d89b-4dc6-9e08-afc0cb1c33d0,lws003,感冒,宣肺平喘，清热解毒,gm,,0,4e751b87-7146-4fa0-b952-ceac72d4f77d,,2012-03-29 22:34:23.233,55071274-1041-4d83-99b8-757d14beaac6,0
265948ce-f882-41df-8df6-8f662fce472e,shq014,补阳方,补阳,,,0,7eb3964c-9143-48a9-a450-a40d6b8d80b1,,2009-01-22 20:02:36.097,bc657cb8-551a-49f4-b6ef-7c4ac80aaf20,0
3e5fa388-0680-44e6-90a1-3f4a62baa54c,shq015,血府方,无,,,0,7eb3964c-9143-48a9-a450-a40d6b8d80b1,,2009-01-22 20:04:35.613,bc657cb8-551a-49f4-b6ef-7c4ac80aaf20,0
12b1182d-8d4c-4f28-a839-5e73994fe783,xx011,自闭症方,滋肾平肝，清热开窍,zbzf,,0,a2884c9d-9946-4415-a784-1f07c4248835,,2009-11-22 23:33:28.827,e12b2b6a-ee2f-4754-99a4-1aab7c7df17e,1
57fc1198-2faf-40a4-b84a-3be204b5422d,scr024,金铃子散,平肝清热，行气活血,JLZS,,0,e3093b46-848d-4cfd-b2d7-1116c5c4fc74,,2009-12-20 16:18:09.693,8a3b5ff6-bfa8-4c52-af8a-c3e5d6f1689d,0
87eb77b7-ef6e-458f-9154-70d6a4915fa8,scr025,保肺汤,补肾纳气，活血平喘,BFT,,0,e3093b46-848d-4cfd-b2d7-1116c5c4fc74,,2009-12-20 16:21:22.207,8a3b5ff6-bfa8-4c52-af8a-c3e5d6f1689d,0
3c91fac2-47b1-4130-9a72-ed513373c348,sym013,便秘方,清热滋阴 行气通便,bmf,,0,24bff094-fe02-4f6d-b8b1-e3bc636c3cc4,,2010-03-02 18:31:19.770,46e3d3e3-c822-4047-91db-b0cf580e2734,0
3d7d20f5-5d76-4540-91ad-42ca8ee703fa,sq004,圣愈汤合当归拈痛汤,痹症,,,0,7eb3964c-9143-48a9-a450-a40d6b8d80b1,,2010-03-26 23:50:21.343,aebd52a0-9a7d-4837-a8c7-01860a89724e,0
93730f54-04c0-48bf-b46d-e4707c4b832a,sq005,圣愈汤合右归丸,痹症,,,0,7eb3964c-9143-48a9-a450-a40d6b8d80b1,,2010-03-27 11:29:08.877,aebd52a0-9a7d-4837-a8c7-01860a89724e,0
0e2271c6-bc60-4e8f-a900-ca75d52bc607,sym008,腹痛方,理气清热化湿止痛,,,0,24bff094-fe02-4f6d-b8b1-e3bc636c3cc4,,2009-03-15 22:29:33.523,46e3d3e3-c822-4047-91db-b0cf580e2734,0
81b6e172-10b5-4997-b499-0d362f76d576,sym014,鼻炎方,"健脾益气,疏风散邪",byf,,0,24bff094-fe02-4f6d-b8b1-e3bc636c3cc4,,2010-03-04 12:00:48.690,46e3d3e3-c822-4047-91db-b0cf580e2734,0
868948e0-8094-45d3-872f-d36354e7f61f,sym012,湿疹方,清热利湿,,,0,24bff094-fe02-4f6d-b8b1-e3bc636c3cc4,,2010-03-02 12:46:02.723,46e3d3e3-c822-4047-91db-b0cf580e2734,0
